Unnamed: 0,snap,mean_mass,median_mass,mean_vol,median_vol,std,A,mu,sigma,alpha,z_T
1,110,-2.260432004928589,-2.199920750871489,-2.307110548019409,-2.199920750871489,0.3809992074966431,20150661.091210738,-2.075000000000007,0.43193217503821985,-1.9250000000000076,6.113314077327381
7,111,-2.182884693145752,-2.1078827508364366,-2.314959526062012,-2.1078827508364366,0.3761340379714966,22460922.6084109,-2.025000000000007,0.32853484138508987,-1.825000000000008,7.678897203535746
11,112,-2.080456495285034,-2.0077232622838284,-2.325370073318481,-2.0077232622838284,0.35075876116752625,21645066.590658944,-1.9250000000000076,0.2947103831720532,-1.7750000000000081,8.171464877384302
16,113,-2.116753101348877,-2.0525503831031995,-2.1484632492065434,-2.0525503831031995,0.3738286793231964,6798396.7382401265,-1.9250000000000076,0.4252735573518127,-1.825000000000008,6.478514262842507
19,114,-1.9883472919464111,-1.949173660012688,-1.91757333278656,-1.949173660012688,0.24121905863285065,,,,,
31,116,-1.091987371444702,-1.0919874695688048,-1.1110491752624512,-1.0919874695688048,0.06256109476089478,1.3267709539817302e-06,-1.1749999999999994,9.999999998493372e-11,,
55,118,-1.9147095680236816,-1.8884287615989301,-1.866323709487915,-1.8884287615989301,0.3465709388256073,,,,,
69,119,-2.168331384658813,-2.1386807782421617,-2.1066465377807617,-2.1386807782421617,0.4078490138053894,,,,,
4,120,-2.1119935512542725,-2.0873343667004893,-2.103292942047119,-2.0873343667004893,0.3841342628002167,2611344.9999999995,-2.025000000000007,0.4366749338067612,-1.725000000000008,5.293928681852856
8,121,-2.2790746688842773,-2.2326165533485303,-2.2039637565612797,-2.2326165533485303,0.5019574761390686,,,,,
12,122,-2.504279375076294,-2.526165953630942,-2.413124084472656,-2.526165953630942,0.5277609825134277,,,,,
15,123,-2.427833080291748,-2.4001194424194168,-2.469809293746948,-2.4001194424194168,0.5522189140319824,,,,,
20,124,-2.286001205444336,-2.18287184781208,-2.355674743652344,-2.18287184781208,0.5954421162605286,,,,,
24,125,-2.1847949028015137,-2.061481561635009,-2.30232048034668,-2.061481561635009,0.5711483955383301,,,,,
36,126,-1.972883939743042,-1.8814254869061469,-2.090607166290283,-1.8814254869061469,0.4849956929683685,2516342.499999999,-1.725000000000008,0.44484497076300794,-1.5750000000000086,5.0199592244958104
47,127,-1.9856011867523196,-1.916271338657457,-2.0789017677307133,-1.916271338657457,0.4455604553222656,4518594.999999985,-1.725000000000008,0.4243314497066553,-1.6750000000000085,4.707585831330264
60,128,-1.9819878339767456,-1.91058478339926,-2.061504364013672,-1.91058478339926,0.4360032081604004,5248938.991383791,-1.825000000000008,0.3967260947295731,-1.6250000000000084,5.314580634944884
77,129,-2.0218346118926998,-1.9452776714285656,-2.1065626144409184,-1.9452776714285656,0.4443985819816589,7383059.376926797,-1.8750000000000075,0.3963730946284649,-1.6250000000000084,5.767891104929195
2,130,-1.9934810400009155,-1.9271108354685793,-2.0664033889770512,-1.9271108354685793,0.42015725374221796,6942787.57876211,-1.8750000000000075,0.3776575739129554,-1.5750000000000086,6.3621782149716095
5,131,-1.9932010173797607,-1.9271562845289605,-2.119625806808472,-1.9271562845289605,0.4054624140262604,7823820.721747238,-1.8750000000000075,0.35448129076878326,-1.6250000000000084,6.246898634228322
13,132,-1.9527739286422732,-1.8893615299931552,-2.1179754734039307,-1.8893615299931552,0.3708575665950775,9021016.373373754,-1.825000000000008,0.3088705609057948,-1.6250000000000084,7.120382151571595
17,133,-1.9493042230606081,-1.8861289465463853,-2.0056958198547363,-1.8861289465463853,0.35872581601142883,9561049.312222358,-1.825000000000008,0.3209467152446042,-1.6250000000000084,7.403195659641879
21,134,-1.993058919906616,-1.9381304784762743,-2.0026874542236333,-1.9381304784762743,0.35426798462867737,9966715.348765485,-1.825000000000008,0.40652612949893413,-1.6250000000000084,7.995431968634195
26,135,-2.022073268890381,-1.966978401871201,-2.023831605911255,-1.966978401871201,0.3591660559177399,11717299.999999998,-1.825000000000008,0.43704747343597183,-1.6750000000000085,7.007509964068741
38,136,-2.027366399765014,-1.9684072795517404,-2.0331454277038574,-1.9684072795517404,0.36366868019104,12858483.233297141,-1.8750000000000075,0.4406208192682134,-1.6250000000000084,7.8287613867874635
50,137,-2.020902395248413,-1.9657079926852523,-2.03635573387146,-1.9657079926852523,0.3528689444065094,15387241.002999237,-1.8750000000000075,0.42480200209560476,-1.6750000000000085,6.886652548882663
63,138,-2.027038812637329,-1.9757819596458883,-2.0863087177276607,-1.9757819596458883,0.34649747610092163,21527528.318942327,-1.8750000000000075,0.4203534320831844,-1.6750000000000085,7.088877204459316
74,139,-1.9940042495727541,-1.9443856245063875,-2.0970966815948486,-1.9443856245063875,0.3246164917945862,24614656.904559296,-1.8750000000000075,0.36440956906350724,-1.6750000000000085,7.65162684211801
0,140,-1.9719326496124268,-1.9217750930786133,-2.0373063087463383,-1.9217750930786133,0.3116820454597473,27270409.330229428,-1.825000000000008,0.3428291962712394,-1.6750000000000085,8.275709897931172
6,141,-1.9628279209136963,-1.9112919696739743,-1.9910513162612915,-1.9112919696739743,0.3046473562717438,23968150.76710761,-1.825000000000008,0.33395193064189166,-1.6750000000000085,8.58440394721233
10,142,-1.954397201538086,-1.9077249648524264,-1.9539626836776731,-1.9077249648524264,0.30189669132232666,18770240.737395566,-1.825000000000008,0.32050942192924803,-1.6750000000000085,8.76791126535246
14,143,-1.9532362222671509,-1.9020629041734665,-1.932684540748596,-1.9020629041734665,0.3053930699825287,17584433.27707362,-1.7750000000000081,0.3450612478488975,-1.6750000000000085,8.747238940909595
18,144,-1.955230474472046,-1.9093412249055628,-1.942229986190796,-1.9093412249055628,0.2969663441181183,16677139.347704478,-1.7750000000000081,0.352312092685612,-1.6750000000000085,8.827161694932036
23,145,-1.972812294960022,-1.9212208877910264,-1.9678182601928709,-1.9212208877910264,0.3131486773490906,18987026.935196575,-1.7750000000000081,0.37507289653496007,-1.6750000000000085,8.534305452670488
34,146,-1.9636412858963013,-1.9175768282417749,-1.965457558631897,-1.9175768282417749,0.2994062900543213,19607476.386340614,-1.825000000000008,0.3390099080903885,-1.6750000000000085,8.748902610560604
45,147,-1.9541261196136477,-1.9104768104506813,-1.9807745218276975,-1.9104768104506813,0.29251569509506226,26295665.044039227,-1.825000000000008,0.3235804634871846,-1.6750000000000085,8.69556150050473
58,148,-1.9459986686706543,-1.8985754835571464,-2.0100808143615723,-1.8985754835571464,0.2889902591705322,29596905.593773097,-1.825000000000008,0.2969441561123898,-1.6750000000000085,9.122611773668163
72,149,-1.8960934877395632,-1.8458187485283069,-2.0054607391357417,-1.8458187485283069,0.2772366404533386,28747545.68283085,-1.7750000000000081,0.26392907062396653,-1.6250000000000084,10.226834519936094
3,150,-1.8473806381225584,-1.8008553992496448,-1.88667631149292,-1.8008553992496448,0.2728313505649567,23832273.64238619,-1.725000000000008,0.2875380253716784,-1.5750000000000086,9.591094112293437
9,151,-1.7753270864486694,-1.7472460965025878,-1.7879014015197754,-1.7472460965025878,0.23301394283771515,8034013.644851255,-1.6750000000000047,0.2571546356289671,-1.5750000000000048,9.084987900648887
22,172,-0.7490984797477722,-0.8007138058170706,-0.7685527205467224,-0.8007138058170706,0.40014803409576416,,,,,
28,173,-1.1941536664962769,-1.2854391170263522,-1.173347234725952,-1.2854391170263522,0.47683808207511896,52710.62694879762,-1.3250000000000057,0.2973809770666855,-1.2250000000000063,1.6668381896579405
40,174,-1.285932540893555,-1.331238843331503,-1.270287036895752,-1.331238843331503,0.4159242510795593,96070.19120176976,-1.5750000000000048,0.18024460815794416,-1.4250000000000056,2.093954587450014
51,175,-1.28622567653656,-1.3349901467786929,-1.3000446557998655,-1.3349901467786929,0.366438090801239,328876.7887816496,-1.3250000000000057,0.27791624432249384,-1.275000000000006,3.0709169333569384
64,176,-1.2725770473480225,-1.3216644753023117,-1.2968412637710571,-1.3216644753023117,0.33336782455444336,372259.3737309761,-1.3250000000000057,0.24643236010481898,-1.1750000000000065,3.4067853687872813
78,177,-1.2681005001068115,-1.3182393144462454,-1.295071005821228,-1.3182393144462454,0.3319941759109497,477753.7096238601,-1.3250000000000057,0.23923140798462086,-1.1250000000000069,3.382488729280612
92,178,-1.290848970413208,-1.3315561207131317,-1.3356654644012451,-1.3315561207131317,0.3254576325416565,665880.8961160376,-1.3250000000000057,0.23373702826489634,-1.275000000000006,4.160264026424243
106,179,-1.2811044454574585,-1.317226999412746,-1.3299038410186768,-1.317226999412746,0.3072755038738251,812185.7422905061,-1.3250000000000057,0.21561341242859125,-1.2250000000000063,4.498384804180028
25,180,-1.302897572517395,-1.3257409225836374,-1.344723343849182,-1.3257409225836374,0.3165973424911499,1209721.8210258945,-1.275000000000006,0.26061702680852394,-1.2250000000000063,5.051027944785389
37,181,-1.3194129467010498,-1.3368312274055087,-1.3752964735031128,-1.3368312274055087,0.3113723993301392,1078348.799444408,-1.3750000000000058,0.20610885060299117,-1.275000000000006,4.482881267632808
49,182,-1.3388208150863647,-1.348830513607654,-1.4097280502319336,-1.348830513607654,0.30410757660865784,1495036.2936602915,-1.275000000000006,0.28472987243005904,-1.275000000000006,5.0262493151063605
61,183,-1.3687646389007568,-1.3716592810722228,-1.4148138761520386,-1.3716592810722228,0.31099143624305725,2017316.2462165302,-1.3250000000000057,0.27106882268336135,-1.2250000000000063,5.696481034422695
76,184,-1.378087043762207,-1.3851180761792379,-1.3981361389160156,-1.3851180761792379,0.29732683300971985,1723829.8467321852,-1.3750000000000058,0.24769465285559117,-1.1750000000000065,6.066044757357298
89,185,-1.3939850330352783,-1.3923766222958889,-1.4247897863388062,-1.3923766222958889,0.3040911555290222,1668631.0861402592,-1.3750000000000058,0.2634552275396736,-1.1750000000000065,6.35051811982984
103,186,-1.36152446269989,-1.3675905885901471,-1.3943518400192259,-1.3675905885901471,0.2842934727668762,1223892.2833186807,-1.3750000000000058,0.23046338311598907,-1.1750000000000065,6.682755161410048
116,187,-1.359768629074097,-1.3669889127138668,-1.3848046064376829,-1.3669889127138668,0.2772513926029205,1537988.7148391355,-1.3750000000000058,0.22936924197964598,-1.1750000000000065,6.693347716380092
135,188,-1.3698545694351196,-1.3783832007750365,-1.4103652238845823,-1.3783832007750365,0.2882997691631317,1875401.3325460262,-1.3750000000000058,0.23927986659207107,-1.2250000000000063,6.29313090132507
149,189,-1.3769304752349854,-1.3774594305181915,-1.4282292127609253,-1.3774594305181915,0.2834165096282959,2651656.1731010056,-1.3750000000000058,0.23286472994455878,-1.2250000000000063,6.612934239373418
27,190,-1.3727729320526123,-1.3710033958870522,-1.4162155389785769,-1.3710033958870522,0.2680255472660065,3616255.872041755,-1.3250000000000057,0.24733770858191345,-1.2250000000000063,7.338871913341679
39,191,-1.4065507650375366,-1.3973961906404595,-1.4188001155853271,-1.3973961906404595,0.26924481987953186,4621770.501145218,-1.3750000000000058,0.24456202609207903,-1.2250000000000063,7.964374164255011
52,192,-1.4364382028579712,-1.4224150987398827,-1.4632586240768433,-1.4224150987398827,0.28854650259017944,3379336.410420464,-1.3750000000000058,0.286856357071283,-1.1750000000000065,7.573679119092895
67,193,-1.4041711091995241,-1.3931888291130683,-1.428795337677002,-1.3931888291130683,0.2807718813419342,2170857.830756915,-1.3250000000000057,0.27762581777073175,-1.2250000000000063,7.536001117579064
81,194,-1.383212327957153,-1.3805628562668155,-1.3952054977416992,-1.3805628562668155,0.2618173360824585,1819613.0014050163,-1.3250000000000057,0.2547133474099875,-1.2250000000000063,7.6595807743090125
93,195,-1.3695605993270874,-1.3721665348690573,-1.391831636428833,-1.3721665348690573,0.2667653262615204,940357.2590234898,-1.3750000000000058,0.2249856370208458,-1.0750000000000068,4.752694268822634
108,196,-1.3466386795043943,-1.3474216237371055,-1.351899027824402,-1.3474216237371055,0.24161046743392944,1792943.8228879173,-1.3250000000000057,0.21787232596328732,-1.1750000000000065,7.929913926624071
121,197,-1.3658056259155271,-1.3657000485024229,-1.3761024475097656,-1.3657000485024229,0.2395453602075577,2724971.925053352,-1.3250000000000057,0.22986024440406796,-1.2250000000000063,7.566660975435346
136,198,-1.376452088356018,-1.375452456193011,-1.395591139793396,-1.375452456193011,0.2413844615221024,3344190.0939868875,-1.3250000000000057,0.24115967652112316,-1.2250000000000063,7.63007384384389
151,199,-1.386280536651611,-1.3822988875627602,-1.404152274131775,-1.3822988875627602,0.247586190700531,3808797.8236484043,-1.3250000000000057,0.24588827568616986,-1.2250000000000063,7.963806461079734
29,200,-1.3974847793579102,-1.3895645865167032,-1.4118714332580566,-1.3895645865167032,0.2500830888748169,4053748.227191153,-1.3250000000000057,0.25471618980866173,-1.2250000000000063,7.986763740489347
41,201,-1.3941011428833008,-1.3888613771983769,-1.418723225593567,-1.3888613771983769,0.24556426703929898,4236073.847862795,-1.3250000000000057,0.2430375965498526,-1.2250000000000063,8.268247711484378
54,202,-1.3965026140213013,-1.3870417719229418,-1.4355677366256714,-1.3870417719229418,0.2476232498884201,4704000.606485672,-1.3250000000000057,0.23754169554079313,-1.2250000000000063,8.537645619286796
66,203,-1.402801513671875,-1.3891820316045922,-1.4417351484298706,-1.3891820316045922,0.2498064339160919,5395509.4574283445,-1.3250000000000057,0.2385840531811246,-1.2250000000000063,8.621592498442123
80,204,-1.4024958610534668,-1.3903803420245064,-1.4353437423706057,-1.3903803420245064,0.24508076906204224,6214308.174458449,-1.3250000000000057,0.23765271525551898,-1.2250000000000063,9.065639329139369
96,205,-1.399114966392517,-1.3872509384155274,-1.4405144453048706,-1.3872509384155274,0.2379941493272781,6360987.700490276,-1.3250000000000057,0.23014314036365138,-1.2250000000000063,9.17010221987668
109,206,-1.3970589637756348,-1.380491113496767,-1.4581317901611328,-1.380491113496767,0.23391734063625336,4902405.648271112,-1.3250000000000057,0.2153780114027507,-1.2250000000000063,10.076857442406938
123,207,-1.405674695968628,-1.3837242110485046,-1.4347223043441772,-1.3837242110485046,0.2370476722717285,7115357.825111333,-1.3250000000000057,0.22177195569721259,-1.2250000000000063,10.737908763639071
138,208,-1.4107929468154907,-1.3866826651851776,-1.4186859130859375,-1.3866826651851776,0.2382115125656128,6966173.663662159,-1.3250000000000057,0.22880592538018651,-1.2250000000000063,10.854206271941532
152,209,-1.4079525470733645,-1.3879446214168394,-1.41855788230896,-1.3879446214168394,0.2342664897441864,4314908.453782206,-1.3250000000000057,0.2324912705842368,-1.2250000000000063,10.564506679257542
30,210,-1.3784648180007937,-1.3635712871551513,-1.39315927028656,-1.3635712871551513,0.21728728711605072,3486608.609543916,-1.3250000000000057,0.19784976029367426,-1.2250000000000063,10.297716734280995
42,211,-1.374212384223938,-1.3615706570325552,-1.3904422521591189,-1.3615706570325552,0.2058931440114975,4955820.3212651005,-1.3250000000000057,0.1880387464335318,-1.2250000000000063,11.359068588140591
53,212,-1.3760535717010498,-1.3601450375453354,-1.4196075201034546,-1.3601450375453354,0.20369014143943787,5582371.147588159,-1.3250000000000057,0.17682790109831775,-1.2250000000000063,12.687154668453369
65,213,-1.3656694889068604,-1.3478839919974102,-1.4106531143188477,-1.3478839919974102,0.1950031071901321,5052125.742946225,-1.3250000000000057,0.15472689938348866,-1.275000000000006,11.128935789604713
79,214,-1.3787410259246826,-1.3518248523116871,-1.3965495824813845,-1.3518248523116871,0.2080385982990265,5889961.297241838,-1.3250000000000057,0.15885699214178275,-1.275000000000006,11.104709869936638
94,215,-1.3952608108520508,-1.3603250014910926,-1.405758261680603,-1.3603250014910926,0.217702716588974,4931740.5552335065,-1.3250000000000057,0.1706946464200281,-1.275000000000006,11.733788521862431
107,216,-1.4125924110412598,-1.3722982406616209,-1.4185699224472046,-1.3722982406616209,0.2273979187011719,4886738.555547329,-1.3250000000000057,0.19814011345547336,-1.275000000000006,11.646886446857247
122,217,-1.3991183042526243,-1.363278072850522,-1.4217923879623413,-1.363278072850522,0.21495997905731198,4002875.363944664,-1.275000000000006,0.20898400051335345,-1.2250000000000063,14.26335621268838
137,218,-1.373164176940918,-1.3450015304790657,-1.3772602081298828,-1.3450015304790657,0.19576451182365415,3419780.2551450543,-1.3250000000000057,0.16013437879016548,-1.275000000000006,11.54584157540231
153,219,-1.3714478015899658,-1.3403276588758617,-1.386820673942566,-1.3403276588758617,0.19576843082904816,4712773.693667058,-1.275000000000006,0.1695489356073002,-1.2250000000000063,15.370420141720807
32,220,-1.3706839084625244,-1.3390618143141355,-1.3658941984176636,-1.3390618143141355,0.19619381427764893,5493752.081457256,-1.275000000000006,0.16859199528675048,-1.2250000000000063,15.444462789538607
43,221,-1.3804985284805298,-1.3469367643882488,-1.3851784467697144,-1.3469367643882488,0.1993291825056076,3364999.857532733,-1.3250000000000057,0.15994626558918473,-1.275000000000006,12.117945951697095
57,222,-1.3670212030410769,-1.3402620406811931,-1.3820458650588991,-1.3402620406811931,0.18286053836345675,4123433.186383169,-1.3250000000000057,0.143502084250636,-1.275000000000006,12.813764299607096
71,223,-1.3336191177368164,-1.3081577111308167,-1.347915530204773,-1.3081577111308167,0.17189382016658786,5058681.537665893,-1.275000000000006,0.12361871390663626,-1.2250000000000063,17.316897687025907
85,224,-1.4589773416519165,-1.4897004933653009,-1.4514570236206057,-1.4897004933653009,0.3466466963291168,7.91947170035097e-06,-1.3750000000000058,9.999999998493372e-11,-1.3250000000000057,4.314946807947297
112,237,-1.194498062133789,-1.271844314400854,-1.297191500663757,-1.271844314400854,0.4469247460365296,3901.64316006999,-1.2749999999999997,0.04779742936597854,-1.1249999999999991,200.7377776840455
126,238,-1.2605490684509275,-1.2433176771937602,-1.2838481664657593,-1.2433176771937602,0.2416139543056488,293825.4628993697,-1.2250000000000063,0.15632397275343513,-1.2250000000000063,7.477838243546615
144,239,-1.2792891263961792,-1.2644211206367917,-1.282764196395874,-1.2644211206367917,0.21926186978816986,716100.3667953783,-1.2250000000000063,0.16808837323391992,-1.2250000000000063,8.296798747117961
33,240,-1.2818454504013062,-1.2650493847031303,-1.2869863510131836,-1.2650493847031303,0.21778331696987152,964958.7628305564,-1.2250000000000063,0.16840080411786196,-1.2250000000000063,8.004325192949022
44,241,-1.280927300453186,-1.2661982660459796,-1.2926287651062012,-1.2661982660459796,0.2167821079492569,1037016.8747399093,-1.2250000000000063,0.16657710724241367,-1.2250000000000063,7.967514449983624
56,242,-1.3061552047729492,-1.2814548940775774,-1.320678472518921,-1.2814548940775774,0.21498291194438932,1171631.2946444137,-1.275000000000006,0.15957722686067372,-1.2250000000000063,9.222930789877713
70,243,-1.3124901056289673,-1.285965541545,-1.3302074670791626,-1.285965541545,0.21603712439537048,1552107.4567398226,-1.275000000000006,0.15961793861550705,-1.2250000000000063,8.970510954975383
86,244,-1.321683406829834,-1.2925029091367164,-1.3400945663452148,-1.2925029091367164,0.21792535483837128,1730132.6801240172,-1.275000000000006,0.1609707390677155,-1.2250000000000063,10.043383748443281
100,245,-1.32220721244812,-1.2937722198658483,-1.343005895614624,-1.2937722198658483,0.21090972423553467,1981124.7836633248,-1.275000000000006,0.16071627087321722,-1.2250000000000063,10.792598027175684
115,246,-1.3206539154052734,-1.2927873040221625,-1.3446784019470217,-1.2927873040221625,0.20827482640743256,2392544.909070074,-1.275000000000006,0.16206796910841126,-1.2250000000000063,10.747457565279483
130,247,-1.3093488216400146,-1.2879520987811155,-1.3364346027374268,-1.2879520987811155,0.20021332800388336,2637339.822524429,-1.275000000000006,0.1509744667718865,-1.2250000000000063,10.25480616973222
142,248,-1.3020591735839844,-1.282579989777398,-1.3273268938064575,-1.282579989777398,0.1987323611974716,2806857.2294119745,-1.275000000000006,0.1449771160150558,-1.2250000000000063,10.080116940569974
157,249,-1.301585078239441,-1.2811415431754198,-1.3217580318450928,-1.2811415431754198,0.19268964231014246,2867122.9124006913,-1.275000000000006,0.14058593448835927,-1.2250000000000063,10.563479796298239
35,250,-1.3034069538116455,-1.2832785272176286,-1.325109601020813,-1.2832785272176286,0.18478627502918246,3009708.8272457044,-1.275000000000006,0.13760670496006835,-1.2250000000000063,11.039215031496626
46,251,-1.2978609800338743,-1.2787599325278127,-1.3150355815887451,-1.2787599325278127,0.17499284446239471,3404479.1570462463,-1.275000000000006,0.12934090211337257,-1.2250000000000063,11.92995909189025
59,252,-1.3086583614349363,-1.2830559914308537,-1.316387414932251,-1.2830559914308537,0.1875324249267578,3780918.416339607,-1.275000000000006,0.1326155792794163,-1.2250000000000063,12.08612781373601
73,253,-1.304781198501587,-1.2807696945710292,-1.3146151304244995,-1.2807696945710292,0.18831336498260495,2547119.2882994874,-1.275000000000006,0.13019113769605303,-1.2250000000000063,11.411160079820153
84,254,-1.299488186836243,-1.2764659367511275,-1.3233824968338013,-1.2764659367511275,0.18478357791900635,3485318.856419529,-1.2250000000000063,0.14400381284178806,-1.1750000000000065,15.813829184136052
99,255,-1.2957942485809326,-1.2715447176326145,-1.33246111869812,-1.2715447176326145,0.1803739368915558,4007507.88978336,-1.2250000000000063,0.13148513137970722,-1.1750000000000065,15.840048446769316
111,256,-1.300102949142456,-1.27348585105969,-1.3308634757995603,-1.27348585105969,0.1825181543827057,4233370.392008262,-1.2250000000000063,0.1277170342469704,-1.1750000000000065,16.687718413396226
127,257,-1.3097007274627686,-1.2759042354564298,-1.3253474235534668,-1.2759042354564298,0.18291258811950686,6013002.661160328,-1.2250000000000063,0.13048204497287938,-1.1750000000000065,17.392546671830605
141,258,-1.3142584562301636,-1.2785297517270204,-1.3166028261184692,-1.2785297517270204,0.1866103857755661,5758848.501969827,-1.2250000000000063,0.13214934540647852,-1.1750000000000065,18.210932718781613
156,259,-1.3145382404327393,-1.2802106465728516,-1.33318829536438,-1.2802106465728516,0.18487343192100525,4944759.679361411,-1.2250000000000063,0.13698214780984094,-1.1750000000000065,18.12563299903813
48,260,-1.310729742050171,-1.278061226080944,-1.3251442909240725,-1.278061226080944,0.17265376448631287,5287817.004230436,-1.2250000000000063,0.12982449412049318,-1.1750000000000065,19.184908021555714
62,261,-1.3013781309127808,-1.2690579649095566,-1.303143858909607,-1.2690579649095566,0.1636757105588913,6506302.332189426,-1.2250000000000063,0.11433916482910009,-1.1750000000000065,21.186650844123402
75,262,-1.3167192935943604,-1.277167735501562,-1.316614866256714,-1.277167735501562,0.1779220700263977,5907281.130450715,-1.2250000000000063,0.12353543816138253,-1.1750000000000065,21.807941114962237
87,263,-1.3339258432388306,-1.2894206675222768,-1.330216646194458,-1.2894206675222768,0.18882513046264648,3202978.50889264,-1.2250000000000063,0.14230732566671575,-1.1750000000000065,23.004773702589954
101,264,-1.3511159420013428,-1.3009026766370824,-1.3541419506072998,-1.3009026766370824,0.1913006007671356,1121679.4721435078,-1.2250000000000063,0.155323574124169,-1.2250000000000063,17.764131026417445
119,265,-1.2645241022109983,-1.2510230460513454,-1.287729263305664,-1.2510230460513454,0.19975867867469788,294425.15362320316,-1.2249999999999992,0.119191906136253,-1.2249999999999992,10.92723521976663
132,266,-1.253702998161316,-1.2447375174899848,-1.2695176601409912,-1.2447375174899848,0.17782434821128845,624854.1287932578,-1.2249999999999992,0.10370992710192116,-1.1749999999999994,14.318547931960971
146,267,-1.261444926261902,-1.242807263450821,-1.2871569395065308,-1.242807263450821,0.1667480766773224,1201845.4446003183,-1.2250000000000063,0.10333897643521835,-1.1750000000000065,14.190251338279937
161,268,-1.2728308439254759,-1.252697691730635,-1.2911795377731323,-1.252697691730635,0.16181649267673492,2131545.5047279657,-1.2250000000000063,0.1084996810549277,-1.1750000000000065,16.682733295125693
177,269,-1.2682785987854004,-1.2455690653562237,-1.297961711883545,-1.2455690653562237,0.15209169685840607,2340726.2728533824,-1.2249999999999992,0.09599446427774307,-1.1749999999999994,18.542793225356398
68,270,-1.2793142795562744,-1.2515265314370994,-1.2851686477661133,-1.2515265314370994,0.1600286364555359,3086880.2295484096,-1.2250000000000063,0.09826305387398837,-1.1750000000000065,20.363836032857634
82,271,-1.2880879640579224,-1.2565266610443435,-1.2902857065200806,-1.2565266610443435,0.16418708860874176,4119853.9709034865,-1.2250000000000063,0.10108847530806271,-1.1750000000000065,20.810191773398135
95,272,-1.2892504930496216,-1.2584491416780037,-1.2893000841140747,-1.2584491416780037,0.16632023453712466,2047634.1682583275,-1.2250000000000063,0.10212249870981535,-1.1750000000000065,19.850347523143764
110,273,-1.281585693359375,-1.2545405895190131,-1.2919977903366089,-1.2545405895190131,0.16247007250785828,1781068.6895453983,-1.2250000000000063,0.1022561665755828,-1.1750000000000065,20.320570825724616
125,274,-1.272276520729065,-1.2489743961352051,-1.2759395837783811,-1.2489743961352051,0.14726398885250092,2924246.3055102266,-1.2250000000000063,0.09677967253764912,-1.1750000000000065,19.803386509200447
140,275,-1.2727174758911133,-1.2504016120611363,-1.27102792263031,-1.2504016120611363,0.14618030190467834,3742502.704917104,-1.2250000000000063,0.09335197611585976,-1.1750000000000065,21.19684143003261
155,276,-1.270255446434021,-1.2469676150496536,-1.2858641147613523,-1.2469676150496536,0.14297224581241608,3457168.1987484903,-1.2250000000000063,0.08424740131817197,-1.1750000000000065,23.74694449230715
171,277,-1.2755920886993408,-1.246720083867471,-1.2910665273666382,-1.246720083867471,0.15044653415679932,4737658.179212026,-1.2250000000000063,0.0837520174933588,-1.1750000000000065,23.090013892042577
182,278,-1.2769999504089355,-1.2460590665939295,-1.2811373472213743,-1.2460590665939295,0.1544542908668518,5170442.681413729,-1.2250000000000063,0.0817440859528394,-1.1750000000000065,23.264616030588233
198,279,-1.2833449840545654,-1.2494558808375469,-1.2895513772964478,-1.2494558808375469,0.16210319101810455,3816693.5573458276,-1.2250000000000063,0.08427430106716895,-1.1750000000000065,22.954689891710643
83,280,-1.2751572132110596,-1.2458424965046948,-1.292057991027832,-1.2458424965046948,0.1595301628112793,2661356.480774165,-1.2250000000000063,0.08112928952726597,-1.1750000000000065,23.564758779669376
98,281,-1.2664432525634766,-1.241483512454563,-1.2853237390518188,-1.241483512454563,0.14919964969158173,3112763.2808725173,-1.2250000000000063,0.07626009368345582,-1.1750000000000065,23.167146588099833
114,282,-1.2660294771194458,-1.2406252505349329,-1.286417007446289,-1.2406252505349329,0.1422269344329834,4258451.355028679,-1.2250000000000063,0.07439145255343557,-1.1750000000000065,24.52059850131944
128,283,-1.2524135112762451,-1.2273596110656653,-1.2610962390899658,-1.2273596110656653,0.13871067762374878,3638456.3823231487,-1.2250000000000063,0.06475450744612035,-1.1750000000000065,22.459756578420972
143,284,-1.2611607313156128,-1.2306745420210063,-1.2654680013656616,-1.2306745420210063,0.14757896959781647,4754840.4760257825,-1.2250000000000063,0.06526860146822873,-1.1750000000000065,23.293989727269164
160,285,-1.248795747756958,-1.2215795219478858,-1.251847743988037,-1.2215795219478858,0.1463010013103485,365096.6670407071,-1.2250000000000063,0.053489224230756145,-1.1750000000000065,20.786702716348156
97,291,-1.1936088800430298,-1.178221320789397,-1.2046020030975342,-1.178221320789397,0.19617168605327606,87750.3291555937,-1.1249999999999991,0.16356463221307488,-1.1249999999999991,10.277541673666331
113,292,-1.162564992904663,-1.159889558285823,-1.1681474447250366,-1.159889558285823,0.20089520514011386,174719.9183124049,-1.1249999999999991,0.1607120312757041,-1.1249999999999991,7.3515014202020925
129,293,-1.1811821460723877,-1.18192262396686,-1.1904330253601074,-1.18192262396686,0.18860754370689392,349743.36398628657,-1.1749999999999994,0.10657170039043931,-1.1249999999999991,8.201048298010717
145,294,-1.2107113599777222,-1.2004113113942336,-1.2211145162582395,-1.2004113113942336,0.17417798936367035,590735.2062645431,-1.1749999999999994,0.10457440736769091,-1.1249999999999991,11.315409515388623
158,295,-1.2099562883377075,-1.1979880209146565,-1.2240208387374878,-1.1979880209146565,0.17315149307250974,774377.065124009,-1.1749999999999994,0.10093616774429412,-1.1249999999999991,12.009060118651908
174,296,-1.2203693389892578,-1.2020732326154897,-1.2355084419250488,-1.2020732326154897,0.17475172877311707,981398.7006932416,-1.1750000000000065,0.10437868956744181,-1.1250000000000069,13.66558724288253
188,297,-1.221729397773743,-1.2031661165157124,-1.23874032497406,-1.2031661165157124,0.16737765073776245,1482511.422907741,-1.1749999999999994,0.09949059611298061,-1.1249999999999991,15.021015109859237
205,298,-1.2283217906951904,-1.2068641264851048,-1.247380614280701,-1.2068641264851048,0.16598300635814667,1891242.7449614992,-1.1750000000000065,0.10119634505759621,-1.1250000000000069,15.674597685619554
220,299,-1.2347110509872437,-1.2103953806551364,-1.2525649070739746,-1.2103953806551364,0.16678473353385925,2440319.7633148325,-1.1750000000000065,0.10380932793325197,-1.1250000000000069,15.630038177872589
90,300,-1.2353173494338991,-1.211861076590001,-1.239640474319458,-1.211861076590001,0.16518503427505493,2917669.471753407,-1.1750000000000065,0.10440256061584137,-1.1250000000000069,16.177110549130354
105,301,-1.2385880947113037,-1.2127329816631809,-1.258825182914734,-1.2127329816631809,0.16604198515415192,3363031.3980621463,-1.1750000000000065,0.10283212086405716,-1.1250000000000069,17.13512063457568
120,302,-1.2389699220657349,-1.2136487908001188,-1.2606534957885742,-1.2136487908001188,0.16179083287715912,3953120.2870536493,-1.1750000000000065,0.10282809004181966,-1.1250000000000069,18.439376302246774
131,303,-1.244171380996704,-1.2149339313215637,-1.277284860610962,-1.2149339313215637,0.1623091846704483,4295394.69729901,-1.1750000000000065,0.10130790581353906,-1.1250000000000069,18.320015063418225
150,304,-1.243421196937561,-1.2150840759277344,-1.2686187028884888,-1.2150840759277344,0.1575939953327179,4706970.067063335,-1.1750000000000065,0.10074876815309164,-1.1250000000000069,19.396751639128343
165,305,-1.260106325149536,-1.224541967395805,-1.277557134628296,-1.224541967395805,0.16648675501346588,2913712.846398323,-1.2250000000000063,0.07551460538074335,-1.1750000000000065,16.695710941058778
181,306,-1.2510008811950684,-1.2189630048107365,-1.2602320909500122,-1.2189630048107365,0.16023212671279907,3139678.678994596,-1.2250000000000063,0.06928371725695964,-1.1750000000000065,16.956128191796406
196,307,-1.2545795440673828,-1.2210729553015538,-1.26069176197052,-1.2210729553015538,0.16112658381462094,5742490.229817825,-1.1750000000000065,0.10326396159641175,-1.1250000000000069,20.94117277045242
209,308,-1.2549728155136108,-1.2217141359373611,-1.2670680284500122,-1.2217141359373611,0.16186031699180606,2407364.914849303,-1.2250000000000063,0.06842385433763859,-1.1750000000000065,18.37717742073695
223,309,-1.2463250160217283,-1.217391411151914,-1.2690287828445437,-1.217391411151914,0.15065331757068634,0.005282769722195472,-1.2250000000000063,9.999999998493372e-11,-1.1750000000000065,18.304152047408973
88,310,-1.2476259469985962,-1.2188576562084892,-1.27155339717865,-1.2188576562084892,0.14792701601982114,3741587.0568222865,-1.2250000000000063,0.06159015164486456,-1.1750000000000065,19.610086695781842
104,311,-1.2472214698791504,-1.2174042088244663,-1.2804014682769775,-1.2174042088244663,0.14732089638710022,0.007343340988540187,-1.2250000000000063,9.999999998493372e-11,-1.1750000000000065,20.503077442756354
118,312,-1.2432034015655518,-1.2135553636031673,-1.2709988355636597,-1.2135553636031673,0.14361423254013062,7301005.469598917,-1.1750000000000065,0.08924896945916243,-1.1250000000000069,25.13093851426666
134,313,-1.2571872472763062,-1.2178647184624465,-1.2770113945007324,-1.2178647184624465,0.16084247827529907,9334147.631050775,-1.1750000000000065,0.09200115229002052,-1.1250000000000069,25.90767322486229
147,314,-1.247920274734497,-1.2153559132264211,-1.260051965713501,-1.2153559132264211,0.1482398957014084,7341943.793584369,-1.1750000000000065,0.09015094123827568,-1.1250000000000069,26.351318536563955
162,315,-1.2421884536743164,-1.2123319855092425,-1.2505254745483398,-1.2123319855092425,0.14312343299388885,6206188.67182587,-1.1750000000000065,0.08526676808569841,-1.1250000000000069,26.8916779062185
178,316,-1.2434147596359253,-1.2118234022667531,-1.2515865564346311,-1.2118234022667531,0.14219295978546145,6982516.148599203,-1.1750000000000065,0.08349071523830856,-1.1250000000000069,29.045563097230797
193,317,-1.24439537525177,-1.2114844042784092,-1.253382921218872,-1.2114844042784092,0.14459478855133054,6754511.546685872,-1.1750000000000065,0.08276776063428977,-1.1250000000000069,27.317549465033725
208,318,-1.2448605298995972,-1.2119164118855636,-1.2532057762145996,-1.2119164118855636,0.14312277734279633,8224743.38385637,-1.1750000000000065,0.08285625553727412,-1.1250000000000069,27.387241563866084
224,319,-1.2446056604385376,-1.2117241865239328,-1.2626338005065918,-1.2117241865239328,0.14412468671798706,7168085.467352307,-1.1750000000000065,0.08119271496783446,-1.1750000000000065,24.3271569425787
91,320,-1.2331247329711914,-1.2045351004037332,-1.269492745399475,-1.2045351004037332,0.13112279772758484,8032828.436449604,-1.1750000000000065,0.0705072248557614,-1.1250000000000069,30.638364993908503
102,321,-1.2285363674163818,-1.1984946073406804,-1.2395846843719482,-1.1984946073406804,0.13677649199962616,6913434.064247788,-1.1750000000000065,0.06568824891976202,-1.1250000000000069,32.22464733159589
117,322,-1.2364616394042969,-1.199402464118823,-1.234830021858215,-1.199402464118823,0.14922378957271576,6731813.599029098,-1.1750000000000065,0.06604399280657584,-1.1250000000000069,31.526032992302813
133,323,-1.2486621141433716,-1.205438307909416,-1.237124800682068,-1.205438307909416,0.15977345407009125,3045440.517895241,-1.1750000000000065,0.07235244433713743,-1.1250000000000069,31.40866169076213
148,324,-1.2667107582092283,-1.2158847215050306,-1.2332313060760498,-1.2158847215050306,0.1718074083328247,1056379.4877072733,-1.1750000000000065,0.08616573085618931,-1.1250000000000069,28.250500457035347
163,325,-1.2495099306106567,-1.2119650983160462,-1.2344448566436768,-1.2119650983160462,0.15319986641407013,426726.50027630455,-1.1749999999999994,0.0834886613354004,-1.1249999999999991,29.27783394449172
176,326,-1.2477647066116333,-1.2093683127725159,-1.2406277656555176,-1.2093683127725159,0.13873955607414246,164651.8822826837,-1.1749999999999994,0.07766274944473198,-1.1249999999999991,35.68729486569223
192,327,-1.1749351024627686,-1.182335000261688,-1.2041199207305908,-1.182335000261688,0.18957871198654172,68684.92398527214,-1.1749999999999994,0.06447193041185288,-1.1749999999999994,13.868573679719209
206,328,-1.13360595703125,-1.1437737802489332,-1.1400126218795776,-1.1437737802489332,0.1775568276643753,0.0002602264765872742,-1.1749999999999994,9.999999998493372e-11,-1.1249999999999991,10.15521197255921
221,329,-1.1751731634140017,-1.165028948538894,-1.1723535060882568,-1.165028948538894,0.1598820984363556,441557.9723320594,-1.1749999999999994,0.06213239683003907,-1.1249999999999991,14.274114543615834
124,330,-1.1865642070770264,-1.1714869244954216,-1.1874308586120603,-1.1714869244954216,0.15313485264778134,784591.8643038628,-1.1749999999999994,0.05968539494574541,-1.1249999999999991,14.870728022993653
139,331,-1.196076512336731,-1.1771503978590807,-1.2033216953277588,-1.1771503978590807,0.14658834040164948,969359.7582048541,-1.1750000000000065,0.05955216283908006,-1.1250000000000069,17.31050624387096
154,332,-1.1997908353805542,-1.1802149573305512,-1.2119218111038208,-1.1802149573305512,0.14594149589538574,1155667.9310247104,-1.1750000000000065,0.06234991638800698,-1.0750000000000068,16.531650939163505
169,333,-1.199211597442627,-1.1793613640509426,-1.2135138511657717,-1.1793613640509426,0.1425372213125229,1721604.4798312758,-1.1749999999999994,0.059600799530029586,-1.0749999999999993,16.317589711911307
184,334,-1.1965153217315674,-1.1773192311121412,-1.2152899503707886,-1.1773192311121412,0.1425895243883133,1842594.4465435494,-1.1750000000000065,0.05909043088859876,-1.1250000000000069,18.27045116610961
200,335,-1.194074273109436,-1.1762593866392006,-1.2100991010665894,-1.1762593866392006,0.13871441781520846,2158196.4495560587,-1.1749999999999994,0.05697729824950276,-1.1249999999999991,18.841428300396007
214,336,-1.20098876953125,-1.1804241293480615,-1.217322826385498,-1.1804241293480615,0.138710618019104,2803506.553627552,-1.1749999999999994,0.05879921363607151,-1.1249999999999991,20.18100128943123
229,337,-1.2011959552764893,-1.1815317338980849,-1.2246049642562866,-1.1815317338980849,0.13766714930534366,3065400.633986049,-1.1750000000000065,0.057618796735954644,-1.1250000000000069,21.167065870996588
247,338,-1.2020738124847412,-1.1815917423336069,-1.2240689992904663,-1.1815917423336069,0.13392728567123413,3486952.8724139207,-1.1750000000000065,0.05437663046396562,-1.1250000000000069,21.57586983706114
260,339,-1.1948384046554563,-1.1749199175069145,-1.1989619731903076,-1.1749199175069145,0.12722516059875488,0.006593906760430902,-1.1750000000000065,9.999999998493372e-11,-1.1250000000000069,23.624002523989247
159,340,-1.2071467638015747,-1.1799398359361586,-1.1999499797821045,-1.1799398359361586,0.1387510597705841,0.008709898575271357,-1.1750000000000065,9.999999998493372e-11,-1.1250000000000069,24.794307967277238
175,341,-1.2105621099472046,-1.1821339377234965,-1.20892333984375,-1.1821339377234965,0.14142434298992154,3406659.302444537,-1.1750000000000065,0.05392716798609324,-1.0250000000000072,15.292234317099716
189,342,-1.213087797164917,-1.1831957496495848,-1.2090888023376465,-1.1831957496495848,0.14499546587467196,0.0032661895314037032,-1.1750000000000065,9.999999998493372e-11,-1.1250000000000069,25.856762894940754
204,343,-1.209256649017334,-1.1829157265492414,-1.1964952945709229,-1.1829157265492414,0.14655029773712158,1063464.2828071574,-1.1749999999999994,0.05660466052212214,-1.1249999999999991,24.16298674873503
219,344,-1.202118754386902,-1.1794111259457796,-1.1886214017868042,-1.1794111259457796,0.14451241493225098,0.0031406290118592725,-1.1750000000000065,9.999999998493372e-11,-1.1250000000000069,22.845151769655615
235,345,-1.1961158514022827,-1.1750760953178416,-1.1993141174316406,-1.1750760953178416,0.13622774183750153,0.0035981809158583196,-1.1749999999999994,9.999999998493372e-11,-1.1249999999999991,21.946243866565283
252,346,-1.193565011024475,-1.1739654662403674,-1.197661280632019,-1.1739654662403674,0.13104559481143951,0.004512266280788522,-1.1749999999999994,9.999999998493372e-11,-1.1249999999999991,22.838056898328126
268,347,-1.1951760053634644,-1.1746085206992942,-1.1969194412231443,-1.1746085206992942,0.1264665424823761,0.004951538347433657,-1.1749999999999994,9.999999998493372e-11,-1.1249999999999991,24.091693754723124
284,348,-1.1966965198516846,-1.174387582248178,-1.198031306266785,-1.174387582248178,0.12615159153938293,0.00540612340620712,-1.1749999999999994,9.999999998493372e-11,-1.1249999999999991,25.210371364898684
299,349,-1.1971675157546997,-1.174612292894169,-1.2000259160995483,-1.174612292894169,0.12671251595020294,0.006988229467533788,-1.1750000000000065,9.999999998493372e-11,-1.1250000000000069,25.92118870744646
164,350,-1.1960891485214231,-1.174623426112383,-1.2071303129196167,-1.174623426112383,0.12202305346727373,0.007739214295893618,-1.1750000000000065,9.999999998493372e-11,-1.1250000000000069,26.90189832838245
179,351,-1.1898224353790283,-1.1691270345265103,-1.2110466957092283,-1.1691270345265103,0.11833323538303375,0.007670431413392691,-1.1749999999999994,9.999999998493372e-11,-1.1249999999999991,27.245440857731698
194,352,-1.1818974018096924,-1.1617428018631837,-1.1875627040863037,-1.1617428018631837,0.11585570871829988,0.006959111470847013,-1.1750000000000065,9.999999998493372e-11,-1.1250000000000069,28.26321334888124
210,353,-1.1897040605545044,-1.1654555566516127,-1.1949825286865234,-1.1654555566516127,0.12504109740257266,0.0076268606994013615,-1.1750000000000065,9.999999998493372e-11,-1.1250000000000069,27.917112369889495
225,354,-1.1859253644943235,-1.1641641018676232,-1.188781499862671,-1.1641641018676232,0.1213495433330536,0.004883628774223531,-1.1749999999999994,9.999999998493372e-11,-1.1249999999999991,25.95473347483042
240,355,-1.181113600730896,-1.1623325143743568,-1.198189377784729,-1.1623325143743568,0.12128648906946182,0.002443355712837695,-1.1750000000000065,9.999999998493372e-11,-1.1250000000000069,24.86842207221596
254,356,-1.171220302581787,-1.1578542678903925,-1.1876028776168823,-1.1578542678903925,0.11751756817102432,0.0013389652493436114,-1.1749999999999994,9.999999998493372e-11,-1.1249999999999991,20.913427591818856
271,357,-1.1663695573806765,-1.1543878641446463,-1.1752586364746094,-1.1543878641446463,0.1184556409716606,0.0012699060110754302,-1.1749999999999994,9.999999998493372e-11,-1.1249999999999991,18.51024784229958
289,358,-1.1548768281936646,-1.1459298643051294,-1.1613624095916748,-1.1459298643051294,0.11767101287841795,1422009.559455818,-1.1249999999999991,0.07004304704949892,-1.0749999999999993,22.253545555962827
302,359,-1.1570143699645996,-1.1468143200523482,-1.1571598052978516,-1.1468143200523482,0.11213009059429167,2190701.877009794,-1.1249999999999991,0.06957464292064644,-1.0749999999999993,23.359598580370232
166,360,-1.1584255695343018,-1.147586172717456,-1.1622961759567259,-1.147586172717456,0.11078422516584396,2737955.857527319,-1.1249999999999991,0.06843312086034192,-1.0749999999999993,25.781681879123525
180,361,-1.1590386629104614,-1.1486794000455356,-1.1651405096054075,-1.1486794000455356,0.1147109717130661,2631212.853918351,-1.1249999999999991,0.06751463999242789,-1.1249999999999991,20.875251773007577
195,362,-1.1622045040130615,-1.1502097852633033,-1.1748849153518677,-1.1502097852633033,0.11287835985422134,3670602.0985071077,-1.1249999999999991,0.0674960216412597,-1.1249999999999991,22.60955871772896
211,363,-1.1540061235427856,-1.1417396055451872,-1.1832565069198608,-1.1417396055451872,0.1093141958117485,3121606.5240870817,-1.1250000000000069,0.05851763912520599,-1.0750000000000068,29.408084141806018
226,364,-1.154065489768982,-1.1367502173684294,-1.15923011302948,-1.1367502173684294,0.11306419223546982,4371583.202584327,-1.1250000000000069,0.051831071652256366,-1.0750000000000068,30.43418575909501
242,365,-1.161617875099182,-1.1399262145427849,-1.161266207695007,-1.1399262145427849,0.12060847878456114,4363682.786108049,-1.1250000000000069,0.055280097427550016,-1.0750000000000068,32.12560291687802
258,366,-1.1632630825042725,-1.1393216170419578,-1.1582756042480469,-1.1393216170419578,0.12296319007873535,1019584.5422470158,-1.1250000000000069,0.05488331978368641,-1.0750000000000068,34.58301186955898
275,367,-1.1540238857269287,-1.1349645098046364,-1.1546504497528076,-1.1349645098046364,0.11709968000650404,0.00045275850381618814,-1.1249999999999991,9.999999998493372e-11,-1.0749999999999993,35.6639669162514
290,368,-1.1443649530410769,-1.130432733642171,-1.1487389802932741,-1.130432733642171,0.10688016563653946,0.0002078363564499255,-1.1249999999999991,9.999999998493372e-11,-1.0749999999999993,32.65238499266429
307,369,-1.1400630474090576,-1.1268877217865212,-1.144512414932251,-1.1268877217865212,0.11354436725378035,0.00015072232989199816,-1.1249999999999991,9.999999998493372e-11,-1.0749999999999993,35.73108492446656
167,370,-1.136029601097107,-1.1308750019907634,-1.1384776830673218,-1.1308750019907634,0.11107877641916276,8.130906797948173e-05,-1.1249999999999991,9.999999998493372e-11,-1.0749999999999993,44.71789214406619
185,371,-1.1601344347000122,-1.1394390672702186,-1.1603965759277344,-1.1394390672702186,0.07358109205961227,23394.29347056339,-1.1249999999999991,0.053529043205749784,-1.1249999999999991,33.55099210909432
197,372,-1.0571695566177368,-1.0917025437809629,-1.1408206224441528,-1.0917025437809629,0.15935038030147552,4.932703291916966e-05,-1.1249999999999991,9.999999998493372e-11,-1.0749999999999993,7.063037336740546
212,373,-1.1017273664474487,-1.1037075438654562,-1.1376079320907593,-1.1037075438654562,0.1257922202348709,4.532823640592556e-05,-1.1249999999999991,9.999999998493372e-11,-1.0749999999999993,17.987134293472405
231,374,-1.0935442447662354,-1.0946528974332308,-1.0877240896224976,-1.0946528974332308,0.16505981981754306,202702.1377972093,-1.0749999999999993,0.09052552435635453,-1.024999999999999,10.265510358204386
244,375,-1.1125906705856323,-1.107820616074815,-1.1139088869094849,-1.107820616074815,0.14652179181575775,327101.29770511686,-1.1249999999999991,0.05834164177122821,-1.0749999999999993,13.898428813647406
264,376,-1.1260457038879397,-1.1165224853619982,-1.1339887380599976,-1.1165224853619982,0.13668620586395264,367293.5135763025,-1.1249999999999991,0.05323184646319323,-1.0749999999999993,16.321481547410276
278,377,-1.126279592514038,-1.1192430615721929,-1.130502223968506,-1.1192430615721929,0.13330696523189545,554615.9283768379,-1.1249999999999991,0.049023931396870335,-1.0749999999999993,17.749034824244987
297,378,-1.1304811239242554,-1.120335192468708,-1.137248396873474,-1.120335192468708,0.12665030360221866,700857.8970018736,-1.1249999999999991,0.05017005003908911,-1.0749999999999993,19.861072198141102
313,379,-1.1274739503860474,-1.119423309214914,-1.1386072635650637,-1.119423309214914,0.12579235434532166,865458.2859602033,-1.1249999999999991,0.05047531238707632,-1.0749999999999993,21.368237460270397
168,380,-1.1273356676101685,-1.119025926666117,-1.1314619779586792,-1.119025926666117,0.128013476729393,0.002386361503111285,-1.1249999999999991,9.999999998493372e-11,-1.0749999999999993,20.51752159657846
183,381,-1.1299644708633425,-1.1214964635910527,-1.141775608062744,-1.1214964635910527,0.1215369626879692,0.003232326487393484,-1.1249999999999991,9.999999998493372e-11,-1.0749999999999993,20.420088043227963
201,382,-1.1330956220626829,-1.1230435040859348,-1.14667809009552,-1.1230435040859348,0.11976215988397597,0.004385554216214831,-1.1249999999999991,9.999999998493372e-11,-1.0749999999999993,22.154746173623316
216,383,-1.137338399887085,-1.1267397406031037,-1.1532516479492188,-1.1267397406031037,0.11789209395647048,2336141.8736321027,-1.1249999999999991,0.04852093743062833,-1.0749999999999993,22.814572793228145
232,384,-1.1350507736206057,-1.1241891756480114,-1.1514910459518433,-1.1241891756480114,0.11521816998720168,0.006044514503086006,-1.1249999999999991,9.999999998493372e-11,-1.0749999999999993,23.554503224681337
246,385,-1.1358834505081177,-1.1251153748094882,-1.1556649208068848,-1.1251153748094882,0.11326416581869125,0.006673976488725814,-1.1249999999999991,9.999999998493372e-11,-1.0749999999999993,23.99333376034483
262,386,-1.1340752840042114,-1.1233142728042278,-1.158177137374878,-1.1233142728042278,0.1100914478302002,0.006686416383526021,-1.1249999999999991,9.999999998493372e-11,-1.0749999999999993,24.781968307440927
276,387,-1.138050198554993,-1.1254660862008319,-1.1502214670181274,-1.1254660862008319,0.10937962681055068,0.008674027722013342,-1.1249999999999991,9.999999998493372e-11,-1.0749999999999993,25.463852871877368
293,388,-1.1386884450912476,-1.1258136467098998,-1.1497175693511963,-1.1258136467098998,0.11034311354160307,0.008551499721355285,-1.1249999999999991,9.999999998493372e-11,-1.0749999999999993,26.57075962190642
308,389,-1.1309295892715454,-1.1207469062682072,-1.1441090106964111,-1.1207469062682072,0.1040940210223198,0.006541385879522993,-1.1249999999999991,9.999999998493372e-11,-1.0749999999999993,28.171018018728873
170,390,-1.130083441734314,-1.1197785266208458,-1.1347771883010864,-1.1197785266208458,0.10011504590511322,0.008293646881372687,-1.1249999999999991,9.999999998493372e-11,-1.0749999999999993,28.35699993538029
186,391,-1.1326028108596802,-1.1213326987286676,-1.137742280960083,-1.1213326987286676,0.10134484618902206,0.007936133509153755,-1.1249999999999991,9.999999998493372e-11,-1.0749999999999993,28.699065947437315
199,392,-1.1277508735656738,-1.1181089588919582,-1.1339764595031738,-1.1181089588919582,0.098774716258049,0.007943221752588112,-1.1249999999999991,9.999999998493372e-11,-1.0749999999999993,29.72791033388449
213,393,-1.1276016235351562,-1.1183505670955234,-1.1310135126113892,-1.1183505670955234,0.09331672638654707,0.009647102322113554,-1.1249999999999991,9.999999998493372e-11,-1.0749999999999993,31.536841964489643
230,394,-1.1235584020614624,-1.1131770074404568,-1.129921317100525,-1.1131770074404568,0.08946087956428528,0.01073664339437866,-1.1249999999999991,9.999999998493372e-11,-1.0749999999999993,33.30625915154871
248,395,-1.120611310005188,-1.1085229709786428,-1.124064803123474,-1.1085229709786428,0.09437274932861328,0.008967615556001484,-1.1249999999999991,9.999999998493372e-11,-1.0749999999999993,32.38497750144658
263,396,-1.1201314926147459,-1.1066177432643547,-1.1170084476470947,-1.1066177432643547,0.0964622125029564,6004153.896879348,-1.0749999999999993,0.07209313098140097,-1.0749999999999993,31.345110335313166
281,397,-1.1209757328033447,-1.1077454944362557,-1.116559386253357,-1.1077454944362557,0.097817100584507,0.006833033583226747,-1.1249999999999991,9.999999998493372e-11,-1.0749999999999993,31.13214055436927
296,398,-1.1203576326370241,-1.1072764083987376,-1.1177699565887451,-1.1072764083987376,0.09680969268083572,0.0034674469662183487,-1.1249999999999991,9.999999998493372e-11,-1.0749999999999993,30.449084761243224
312,399,-1.1169204711914062,-1.105881381093884,-1.1247143745422363,-1.105881381093884,0.10655346512794496,1199848.8074031519,-1.0749999999999993,0.07516037920823332,-1.0749999999999993,28.005619931337943
172,400,-1.0995291471481323,-1.0948578119012395,-1.128445744514465,-1.0948578119012395,0.10510572046041487,1135549.238800145,-1.0749999999999993,0.06436210245471727,-1.0749999999999993,21.6291346840313
187,401,-1.1034586429595947,-1.0970071909275458,-1.1081770658493042,-1.0970071909275458,0.0969269722700119,1737753.2837498107,-1.0749999999999993,0.06516976128774046,-1.0749999999999993,24.233994370919444
203,402,-1.1009453535079956,-1.0959441921240387,-1.0940089225769043,-1.0959441921240387,0.09579349309206008,1940138.330813403,-1.0749999999999993,0.0631752804219559,-1.0749999999999993,23.960902165794995
218,403,-1.1030346155166626,-1.0961345468236248,-1.1106749773025513,-1.0961345468236248,0.0958881601691246,1939458.4849200214,-1.0749999999999993,0.06304493869814956,-1.024999999999999,27.32299199204491
236,404,-1.104741454124451,-1.095680684591391,-1.119343638420105,-1.095680684591391,0.09206175059080124,2664241.6484237215,-1.0749999999999993,0.0609513171854621,-1.024999999999999,29.050955785924494
249,405,-1.10321307182312,-1.0948236194224965,-1.1147485971450806,-1.0948236194224965,0.08929060399532318,3192717.1829176373,-1.0749999999999993,0.05990799794472979,-1.024999999999999,28.315998750844333
265,406,-1.1029932498931885,-1.0943694718504249,-1.112679958343506,-1.0943694718504249,0.0919615402817726,3597998.3947500032,-1.0749999999999993,0.05973669362543913,-1.024999999999999,32.27395373294617
279,407,-1.1038236618041992,-1.0940331080154222,-1.1135534048080444,-1.0940331080154222,0.09127964079380037,4219397.332549861,-1.0749999999999993,0.05833615235596225,-1.024999999999999,32.99352399953987
294,408,-1.1073447465896606,-1.095372312833678,-1.1182992458343506,-1.095372312833678,0.0947667956352234,3979051.8707175506,-1.0749999999999993,0.060550414147228344,-1.024999999999999,33.244482149914674
311,409,-1.1036162376403809,-1.0921866525941608,-1.1111823320388794,-1.0921866525941608,0.093637615442276,4750945.569959606,-1.0749999999999993,0.056674124097450165,-1.024999999999999,33.30889458969055
173,410,-1.1038724184036257,-1.0925300191293257,-1.1040806770324707,-1.0925300191293257,0.0965648889541626,4996650.719018517,-1.0749999999999993,0.05599037239710744,-1.024999999999999,34.02612662889701
190,411,-1.105100393295288,-1.092391819304167,-1.100994110107422,-1.092391819304167,0.09646757692098618,4473476.409755281,-1.0749999999999993,0.055850616485367155,-1.024999999999999,36.136423164317286
202,412,-1.0944782495498655,-1.0845915814808438,-1.0950089693069458,-1.0845915814808438,0.08671621978282927,0.008341271815935032,-1.0749999999999993,9.999999998493372e-11,-1.024999999999999,38.049541528427774
217,413,-1.0944198369979858,-1.0821424734628309,-1.0927021503448486,-1.0821424734628309,0.0888412743806839,0.010217033891538907,-1.0749999999999993,9.999999998493372e-11,-1.024999999999999,38.592038604384065
233,414,-1.0993227958679201,-1.0839848875159948,-1.0969612598419192,-1.0839848875159948,0.09461889415979384,0.011575258443234654,-1.0749999999999993,9.999999998493372e-11,-1.024999999999999,38.39821297085381
250,415,-1.0999715328216553,-1.0838364541509964,-1.094961643218994,-1.0838364541509964,0.09368573129177094,0.0068945868484586404,-1.0749999999999993,9.999999998493372e-11,-1.024999999999999,37.75315132683392
267,416,-1.09709632396698,-1.0826295376783406,-1.0927883386611938,-1.0826295376783406,0.09096242487430573,0.003980688881252633,-1.0749999999999993,9.999999998493372e-11,-1.024999999999999,40.089784352246646
283,417,-1.098288893699646,-1.0847664486775106,-1.0931830406188965,-1.0847664486775106,0.09424689412117004,1193043.673489866,-1.0749999999999993,0.0477198267927778,-1.024999999999999,31.21893128626121
300,418,-1.0970264673233032,-1.0848259501631912,-1.0972929000854492,-1.0848259501631912,0.09916958957910538,667536.1192207757,-1.0749999999999993,0.04835493069727359,-1.024999999999999,29.444226877713376
316,419,-1.0807900428771973,-1.0764235786174057,-1.0902136564254759,-1.0764235786174057,0.10537944734096527,0.0011640573656180773,-1.0749999999999993,9.999999998493372e-11,-1.024999999999999,19.077029926995166
191,420,-1.0827111005783079,-1.0734918159866895,-1.0958086252212524,-1.0734918159866895,0.10498706996440887,0.0016173924942025088,-1.0749999999999993,9.999999998493372e-11,-1.024999999999999,23.784438255389226
207,421,-1.0843603610992432,-1.0749827130783292,-1.0983946323394775,-1.0749827130783292,0.1028694584965706,0.002771618989059791,-1.0749999999999993,9.999999998493372e-11,-1.024999999999999,25.722457995777326
222,422,-1.0866867303848269,-1.0759287206295307,-1.09565269947052,-1.0759287206295307,0.10527154803276062,0.002438206095710762,-1.0749999999999993,9.999999998493372e-11,-1.024999999999999,26.426267560281396
237,423,-1.0866384506225586,-1.0765365795690165,-1.0923718214035034,-1.0765365795690165,0.10467592626810074,0.002713358430729152,-1.0749999999999993,9.999999998493372e-11,-1.024999999999999,27.403819239552853
253,424,-1.0881084203720093,-1.0770397778226777,-1.0998222827911377,-1.0770397778226777,0.10126488655805588,0.004298465427425936,-1.0749999999999993,9.999999998493372e-11,-1.024999999999999,28.647912978336713
270,425,-1.0871050357818604,-1.0769142509073542,-1.0996886491775513,-1.0769142509073542,0.09517274796962738,0.005958742696792483,-1.0749999999999993,9.999999998493372e-11,-1.024999999999999,29.456457781740266
285,426,-1.0824356079101562,-1.0723443175736174,-1.097472071647644,-1.0723443175736174,0.09149520099163057,0.00614049981694641,-1.0749999999999993,9.999999998493372e-11,-1.024999999999999,31.800026307213006
305,427,-1.0877186059951782,-1.0745393590435888,-1.091909408569336,-1.0745393590435888,0.09399957209825516,0.008414148523733716,-1.0749999999999993,9.999999998493372e-11,-1.024999999999999,34.89678033607326
321,428,-1.0858200788497925,-1.0731927550929032,-1.0898724794387815,-1.0731927550929032,0.0936291441321373,0.009111375700795043,-1.0749999999999993,9.999999998493372e-11,-1.024999999999999,34.266790452993476
336,429,-1.087545394897461,-1.0740257884541258,-1.0888892412185671,-1.0740257884541258,0.09545818716287613,0.00805559841006049,-1.0749999999999993,9.999999998493372e-11,-1.024999999999999,34.129757521048894
215,430,-1.0860575437545776,-1.0736180234715942,-1.0900996923446655,-1.0736180234715942,0.09387268126010896,0.005266755375475967,-1.0749999999999993,9.999999998493372e-11,-1.024999999999999,35.048452919475636
228,431,-1.0796974897384644,-1.0715298637719488,-1.084942102432251,-1.0715298637719488,0.09753625839948654,0.002344542170295282,-1.0749999999999993,9.999999998493372e-11,-1.024999999999999,32.39983883362804
245,432,-1.07502543926239,-1.0669414036786038,-1.0812313556671145,-1.0669414036786038,0.09074408560991287,0.00334889673396894,-1.0749999999999993,9.999999998493372e-11,-1.024999999999999,31.46072905878755
261,433,-1.0757334232330322,-1.0674466480946354,-1.0729602575302124,-1.0674466480946354,0.08738615363836287,0.004782646246235275,-1.0749999999999993,9.999999998493372e-11,-1.024999999999999,31.916490392222148
280,434,-1.0748320817947388,-1.0670329252455129,-1.080630660057068,-1.0670329252455129,0.0876675620675087,0.004931564029366248,-1.0749999999999993,9.999999998493372e-11,-1.024999999999999,32.35801115651572
295,435,-1.0740177631378174,-1.0665198901996893,-1.0813735723495483,-1.0665198901996893,0.08931134641170503,0.0060206534072163075,-1.0749999999999993,9.999999998493372e-11,-1.024999999999999,32.48278271071751
310,436,-1.0759910345077517,-1.0671785956098,-1.0855734348297121,-1.0671785956098,0.08598867803812027,0.007544460809462567,-1.0749999999999993,9.999999998493372e-11,-1.024999999999999,34.34675498035155
329,437,-1.0761990547180176,-1.0677992478828915,-1.0883057117462158,-1.0677992478828915,0.08546993881464005,0.008801449663714343,-1.0749999999999993,9.999999998493372e-11,-1.024999999999999,34.66962423200581
344,438,-1.0708123445510864,-1.0629912406169049,-1.0890965461730957,-1.0629912406169049,0.08254089206457138,0.007932881910956197,-1.0749999999999993,9.999999998493372e-11,-1.024999999999999,35.86343210353221
359,439,-1.0675959587097168,-1.0582892570960527,-1.060955286026001,-1.0582892570960527,0.08246323466300964,0.007145062180104016,-1.0749999999999993,9.999999998493372e-11,-1.024999999999999,34.70966922695701
227,440,-1.073051691055298,-1.0600331455246272,-1.0650860071182249,-1.0600331455246272,0.08693473786115646,0.011754141463409149,-1.0749999999999993,9.999999998493372e-11,-1.024999999999999,36.66706552802275
241,441,-1.0746797323226929,-1.0606632622532874,-1.0682625770568848,-1.0606632622532874,0.08817831426858902,0.009066807850076158,-1.0749999999999993,9.999999998493372e-11,-1.024999999999999,37.820118627613915
256,442,-1.0741802453994749,-1.0603732899502591,-1.0735350847244265,-1.0603732899502591,0.08980774134397508,0.005173178931387263,-1.0749999999999993,9.999999998493372e-11,-1.024999999999999,37.428974196204805
273,443,-1.0782402753829956,-1.0618346154855716,-1.0854371786117554,-1.0618346154855716,0.09279686212539673,0.0026058112939530637,-1.0749999999999993,9.999999998493372e-11,-1.024999999999999,38.049211413795966
286,444,-1.0758159160614014,-1.0608961701951904,-1.0840843915939329,-1.0608961701951904,0.09169793128967284,0.0014363289580921097,-1.0749999999999993,9.999999998493372e-11,-1.024999999999999,35.38408997713766
304,445,-1.0555408000946045,-1.0543596636915205,-1.0777671337127686,-1.0543596636915205,0.1010604128241539,0.0009404300280941779,-1.0749999999999993,9.999999998493372e-11,-1.024999999999999,25.36098245075637
317,446,-1.0398787260055542,-1.039326327589323,-1.0830823183059692,-1.039326327589323,0.10043779760599136,792569.9332742571,-1.024999999999999,0.06347560106753157,-0.9749999999999992,18.119715556949878
337,447,-1.05068039894104,-1.0455395537164298,-1.081312894821167,-1.0455395537164298,0.09257665276527403,1260941.771152143,-1.024999999999999,0.06335347125799995,-1.024999999999999,22.067284018971893
351,448,-1.0534193515777588,-1.0482587426629109,-1.077642798423767,-1.0482587426629109,0.08826436847448349,1752945.7952326718,-1.024999999999999,0.06624532527776017,-1.024999999999999,23.009916823958665
368,449,-1.0574822425842283,-1.0510153212568891,-1.059880614280701,-1.0510153212568891,0.09135529398918152,1848909.6700941217,-1.024999999999999,0.06866270834096666,-1.024999999999999,25.35636279964616
234,450,-1.061604142189026,-1.0523318668540085,-1.069902420043945,-1.0523318668540085,0.09268929064273834,1840308.7804873588,-1.024999999999999,0.06886599542559689,-1.024999999999999,27.490909238376272
251,451,-1.0604920387268066,-1.053477061673443,-1.0707870721817017,-1.053477061673443,0.09570328891277312,0.002789629113211377,-1.0749999999999993,9.999999998493372e-11,-1.024999999999999,26.947932684163526
266,452,-1.0550057888031006,-1.0506370206843754,-1.0674091577529907,-1.0506370206843754,0.09135106950998306,2683489.862563951,-1.024999999999999,0.06784522314635838,-1.024999999999999,24.86037268361331
282,453,-1.0534322261810305,-1.0492667091838142,-1.0650181770324707,-1.0492667091838142,0.09149674326181413,3157219.8685629983,-1.024999999999999,0.06677869215453419,-1.024999999999999,23.759661136182032
298,454,-1.0533539056777954,-1.0483109353154516,-1.0647193193435671,-1.0483109353154516,0.09192566573619844,3334523.5764096086,-1.024999999999999,0.06486221092173594,-1.024999999999999,24.48407178094177
314,455,-1.055189847946167,-1.0501004331768276,-1.0665785074234009,-1.0501004331768276,0.08873792737722397,3994589.250460112,-1.024999999999999,0.06641129490889633,-1.024999999999999,26.123686815188943
332,456,-1.0571446418762207,-1.0509235858917236,-1.0674201250076294,-1.0509235858917236,0.08756303787231445,4580098.198776155,-1.024999999999999,0.0669861790943509,-1.024999999999999,26.90357470368136
343,457,-1.0566564798355105,-1.0500732991047677,-1.0732425451278689,-1.0500732991047677,0.08715755492448808,5035286.148817288,-1.024999999999999,0.06632718163981602,-1.024999999999999,26.387827367429313
363,458,-1.0564343929290771,-1.0501603610001142,-1.0752023458480835,-1.0501603610001142,0.0853939950466156,5273121.421699643,-1.024999999999999,0.06623665944355578,-1.024999999999999,26.89254278071255
379,459,-1.056538462638855,-1.0496402248974692,-1.0779950618743896,-1.0496402248974692,0.08389640599489212,5414755.912254917,-1.024999999999999,0.06470222576896953,-1.024999999999999,27.29318440331425
239,460,-1.0566533803939822,-1.0491455719119214,-1.073949933052063,-1.0491455719119214,0.0841529592871666,6169744.070941673,-1.024999999999999,0.06390484109478306,-1.024999999999999,27.639840569048136
257,461,-1.0568010807037354,-1.048475219829973,-1.0734630823135376,-1.048475219829973,0.0830509290099144,6852085.411643293,-1.024999999999999,0.06264671785726833,-1.024999999999999,28.159307579242615
272,462,-1.0573984384536743,-1.0486551329896256,-1.0720046758651731,-1.0486551329896256,0.08446084707975388,6647071.277113472,-1.024999999999999,0.062456437860648334,-1.024999999999999,29.05088092884528
288,463,-1.0546145439147951,-1.0460551258897728,-1.0695083141326904,-1.0460551258897728,0.08322431892156601,6289197.753728627,-1.024999999999999,0.05916429829524765,-0.9749999999999992,33.62554818109685
303,464,-1.0553613901138306,-1.0462153548025992,-1.0738956928253174,-1.0462153548025992,0.0855528712272644,5384523.649773082,-1.024999999999999,0.05961715183984085,-0.9749999999999992,34.814121299607365
320,465,-1.0527719259262085,-1.0438196919453764,-1.0583643913269043,-1.0438196919453764,0.08193794637918472,6111923.005431052,-1.024999999999999,0.05629982368102007,-0.9749999999999992,34.30730800955396
335,466,-1.0555131435394287,-1.0440663532777266,-1.0580377578735352,-1.0440663532777266,0.08831904083490373,5709407.863041932,-1.024999999999999,0.05611611414634173,-0.9749999999999992,34.011547995762214
349,467,-1.0568213462829592,-1.0447673378726046,-1.0609595775604248,-1.0447673378726046,0.088374063372612,6300033.093420644,-1.024999999999999,0.056436070337214955,-0.9749999999999992,34.930165991422285
365,468,-1.0567374229431152,-1.0449578730683575,-1.0620335340499878,-1.0449578730683575,0.08958159387111664,5083309.523385888,-1.024999999999999,0.0567290956848037,-0.9749999999999992,34.45837056901326
382,469,-1.0508743524551392,-1.0412968770146698,-1.0656728744506836,-1.0412968770146698,0.08197944611310959,4698833.2272911165,-1.024999999999999,0.050781013856485556,-0.9749999999999992,34.901174927998866
238,470,-1.0447007417678833,-1.0366185903549194,-1.0587061643600464,-1.0366185903549194,0.07673828303813934,4532663.6894959,-1.024999999999999,0.045124583667619324,-0.9749999999999992,38.88053134846189
255,471,-1.043063402175903,-1.0336000220031096,-1.047759175300598,-1.0336000220031096,0.07961298525333405,0.011733207106712645,-1.024999999999999,9.999999998493372e-11,-0.9749999999999992,39.55037539345427
269,472,-1.0472986698150637,-1.0342101300327229,-1.0501533746719358,-1.0342101300327229,0.08558567613363266,0.015332193903561183,-1.024999999999999,9.999999998493372e-11,-0.9749999999999992,41.41149370753113
287,473,-1.0475704669952393,-1.0342032690357077,-1.0451642274856567,-1.0342032690357077,0.08798030018806458,0.01437393397788835,-1.024999999999999,9.999999998493372e-11,-0.9749999999999992,40.82748218900213
301,474,-1.0482046604156494,-1.0342135213237234,-1.0466665029525757,-1.0342135213237234,0.0900859832763672,0.011985332802413887,-1.024999999999999,9.999999998493372e-11,-0.9749999999999992,39.192248733033495
319,475,-1.0495482683181765,-1.0351975647126224,-1.0474470853805542,-1.0351975647126224,0.09259817004203796,0.008450793423802868,-1.024999999999999,9.999999998493372e-11,-0.9749999999999992,39.59766073165842
333,476,-1.0497967004775999,-1.0337825745537983,-1.050491213798523,-1.0337825745537983,0.09760405123233797,0.006556623672803087,-1.024999999999999,9.999999998493372e-11,-0.9749999999999992,37.20539767572098
350,477,-1.042144536972046,-1.030472266854662,-1.0474404096603394,-1.030472266854662,0.09286809712648393,0.005133046810062761,-1.024999999999999,9.999999998493372e-11,-0.9749999999999992,34.378394947483685
367,478,-1.0394265651702879,-1.030285736398685,-1.0446171760559082,-1.030285736398685,0.08851198107004166,0.006963270468479902,-1.024999999999999,9.999999998493372e-11,-0.9749999999999992,32.517601513643385
385,479,-1.040759801864624,-1.0306802691696741,-1.0478010177612305,-1.0306802691696741,0.08745931833982468,0.008973222883451322,-1.024999999999999,9.999999998493372e-11,-0.9749999999999992,33.38631469632073
243,480,-1.0387539863586426,-1.0294683574214398,-1.0495215654373171,-1.0294683574214398,0.08762529492378235,0.008973702150777389,-1.024999999999999,9.999999998493372e-11,-0.9749999999999992,34.928137946976165
259,481,-1.037555456161499,-1.0277631686292823,-1.0707581043243408,-1.0277631686292823,0.08393161743879317,0.011041041814788646,-1.024999999999999,9.999999998493372e-11,-0.9749999999999992,37.16859066818882
274,482,-1.0373127460479736,-1.0265170483314203,-1.0800846815109253,-1.0265170483314203,0.08519908785820007,0.010729702540686836,-1.024999999999999,9.999999998493372e-11,-0.9749999999999992,39.45893654573808
291,483,-1.0343300104141235,-1.0242057093258559,-1.0797914266586304,-1.0242057093258559,0.08389025181531906,0.01116211296309362,-1.024999999999999,9.999999998493372e-11,-0.9749999999999992,38.88411054986129
309,484,-1.0377309322357178,-1.0255594664199057,-1.0391602516174316,-1.0255594664199057,0.08625494688749312,0.014081876691124559,-1.024999999999999,9.999999998493372e-11,-0.9749999999999992,39.23561248320527
323,485,-1.0396336317062378,-1.0257460071841125,-1.042566418647766,-1.0257460071841125,0.09229514747858047,0.009446589606559232,-1.024999999999999,9.999999998493372e-11,-0.9749999999999992,40.95865262188958
341,486,-1.0349918603897097,-1.0236952773860244,-1.0424658060073853,-1.0236952773860244,0.08697603642940521,0.011280561676897914,-1.024999999999999,9.999999998493372e-11,-0.9749999999999992,40.77681819779047
355,487,-1.0351054668426514,-1.02338171838212,-1.05009925365448,-1.02338171838212,0.08528859168291092,0.013114896707010732,-1.024999999999999,9.999999998493372e-11,-0.9749999999999992,40.72470024271856
371,488,-1.0342105627059937,-1.0212830327986624,-1.061265230178833,-1.0212830327986624,0.08618855476379395,0.012293183852609036,-1.024999999999999,9.999999998493372e-11,-0.9749999999999992,41.56042861532954
387,489,-1.0334466695785522,-1.0198508978372156,-1.051270604133606,-1.0198508978372156,0.08820617198944093,0.010759773056117885,-1.024999999999999,9.999999998493372e-11,-0.9749999999999992,41.76273382881599
277,490,-1.0276311635971072,-1.0155109971851923,-1.0260381698608398,-1.0155109971851923,0.08608705550432205,0.010281367007527116,-1.024999999999999,9.999999998493372e-11,-0.9749999999999992,41.253160290030145
292,491,-1.0330209732055664,-1.0158839004103095,-1.028020977973938,-1.0158839004103095,0.0938556119799614,0.01672530671023138,-1.024999999999999,9.999999998493372e-11,-0.9749999999999992,41.9335755053525
306,492,-1.0327235460281372,-1.0161208558467127,-1.0274492502212524,-1.0161208558467127,0.0917172059416771,0.013384996431416408,-1.024999999999999,9.999999998493372e-11,-0.9749999999999992,42.48817389096053
322,493,-1.0294622182846072,-1.015637463047391,-1.0296216011047363,-1.015637463047391,0.08739558607339859,0.00756434739554037,-1.024999999999999,9.999999998493372e-11,-0.9749999999999992,41.412923606490196
338,494,-1.02780282497406,-1.0143558105529626,-1.0302647352218628,-1.0143558105529626,0.08192159980535507,0.004675215166348292,-1.024999999999999,9.999999998493372e-11,-0.9749999999999992,43.89952892826458
354,495,-1.0279287099838257,-1.0138251689971165,-1.0318436622619631,-1.0138251689971165,0.08128390461206436,0.0030733821911648985,-1.024999999999999,9.999999998493372e-11,-0.9749999999999992,44.83028045896352
366,496,-1.0299593210220337,-1.0150338924219529,-1.0357736349105835,-1.0150338924219529,0.08150693774223328,0.002102913732481585,-1.024999999999999,9.999999998493372e-11,-0.9749999999999992,47.43605042275781
381,497,-1.0294526815414429,-1.014487292967261,-1.0416254997253418,-1.014487292967261,0.0832429751753807,0.0011918894620000836,-1.024999999999999,9.999999998493372e-11,-0.9749999999999992,41.10282957625195
397,498,-1.0261715650558472,-1.0133286766068366,-1.039479374885559,-1.0133286766068366,0.08460491895675659,0.0008872716614835204,-1.024999999999999,9.999999998493372e-11,-0.9749999999999992,36.84337787717985
408,499,-1.0041222572326658,-1.004373422718042,-1.0386004447937012,-1.004373422718042,0.0928967073559761,0.0005140319792000941,-1.024999999999999,9.999999998493372e-11,-0.9749999999999992,25.9235583678732
315,500,-1.0149856805801392,-1.0098941369697887,-1.0370274782180786,-1.0098941369697887,0.09045108407735823,0.00019597736272579803,-1.024999999999999,9.999999998493372e-11,-0.9749999999999992,28.826613108656993
330,501,-0.9689713120460509,-0.9729771446616142,-1.0479649305343628,-0.9729771446616142,0.0849929079413414,136532.77554379718,-0.9749999999999992,0.058658588140699366,-0.9249999999999989,16.334897197499902
347,502,-0.9949811100959778,-0.9935753927579588,-1.0153597593307495,-0.9935753927579588,0.07802190631628036,544401.8098717929,-0.9749999999999992,0.0654496101513454,-0.9749999999999992,19.140236549496805
360,503,-1.0011392831802368,-0.9982379356678778,-0.9826322793960572,-0.9982379356678778,0.0779138058423996,716119.4064316883,-0.9749999999999992,0.06796905759829214,-0.9749999999999992,21.876848057239563
378,504,-1.0043059587478638,-1.0018192567274151,-0.988453447818756,-1.0018192567274151,0.08015868812799454,0.0011675741650870647,-1.024999999999999,9.999999998493372e-11,-0.9749999999999992,22.41376444483745
393,505,-1.0089896917343142,-1.0041390708870106,-1.006272554397583,-1.0041390708870106,0.08263888210058212,0.0012397836084391018,-1.024999999999999,9.999999998493372e-11,-0.9749999999999992,27.171732012317772
406,506,-1.0076459646224976,-1.0029995306696646,-1.002477526664734,-1.0029995306696646,0.08213876932859421,0.0016467453619585955,-1.024999999999999,9.999999998493372e-11,-0.9749999999999992,25.262201274523417
417,507,-1.0084116458892822,-1.0028833112000042,-1.0169585943222046,-1.0028833112000042,0.08638481050729753,0.0018596107416491729,-1.024999999999999,9.999999998493372e-11,-0.9749999999999992,27.015679292675333
427,508,-1.0081883668899536,-1.0018467345823263,-1.0134954452514648,-1.0018467345823263,0.08656903356313705,1315863.3522819523,-0.9749999999999992,0.0676353966664589,-0.9749999999999992,26.99652818979457
437,509,-1.007712721824646,-1.0026555661804084,-1.0029648542404177,-1.0026555661804084,0.08946438878774643,0.001982396298362426,-1.024999999999999,9.999999998493372e-11,-0.9749999999999992,25.729885655245827
318,510,-1.009696364402771,-1.0027968845952873,-1.0090163946151731,-1.0027968845952873,0.09148091077804564,0.002174050589595005,-1.024999999999999,9.999999998493372e-11,-0.9749999999999992,25.195701078971904
334,511,-1.0101480484008791,-1.0022679135270944,-1.0216302871704102,-1.0022679135270944,0.09454227983951567,0.0015115402141341581,-1.024999999999999,9.999999998493372e-11,-0.9749999999999992,26.565926203253976
353,512,-1.008023381233215,-1.000475635132943,-1.0221242904663086,-1.000475635132943,0.08999545127153398,1968493.134260284,-0.9749999999999992,0.06573862443064792,-0.9749999999999992,25.531809648596848
370,513,-1.0093523263931274,-1.0006122933083474,-1.0283856391906738,-1.0006122933083474,0.09127884358167647,2550584.66704187,-0.9749999999999992,0.06529638781966036,-0.9749999999999992,26.20079083104534
386,514,-1.0117301940917969,-1.0013823674100382,-1.0283243656158447,-1.0013823674100382,0.09106171876192093,3005558.628758049,-0.9749999999999992,0.0667037926320734,-0.9749999999999992,26.022190619079982
396,515,-1.0108935832977295,-1.0015355793987886,-1.0279809236526491,-1.0015355793987886,0.09269723296165466,3056813.2916148542,-0.9749999999999992,0.06661425516881342,-0.9749999999999992,27.41723115277807
409,516,-1.0128014087677002,-1.0015025050243052,-1.032384991645813,-1.0015025050243052,0.09352000802755356,2926285.7234346475,-0.9749999999999992,0.06646448938884701,-0.9749999999999992,26.885505246614848
418,517,-1.0109930038452148,-1.0005489891572663,-1.0337976217269895,-1.0005489891572663,0.09093878418207167,3791663.5053557153,-0.9749999999999992,0.0639652917837151,-0.9749999999999992,29.23201886856943
429,518,-1.0106678009033203,-0.9999998256375259,-1.0303601026535034,-0.9999998256375259,0.09086430072784424,3861649.2002448104,-0.9749999999999992,0.06348123520732686,-0.9749999999999992,28.66892516132094
439,519,-1.0086561441421509,-0.99938013798033,-1.0274641513824463,-0.99938013798033,0.08912426233291626,3631264.0448957803,-0.9749999999999992,0.06261694422028587,-0.9749999999999992,28.635941693378793
324,520,-1.0096620321273804,-0.9991265032998102,-1.028242111206055,-0.9991265032998102,0.08962704241275787,4264895.884269493,-0.9749999999999992,0.06232404400845401,-0.9749999999999992,28.798800670252813
340,521,-1.008824110031128,-0.9977862279554314,-1.0405778884887695,-0.9977862279554314,0.08973678946495056,4180398.7104335255,-0.9749999999999992,0.05987820056469653,-0.9749999999999992,29.15304820681336
357,522,-1.006614089012146,-0.9963364768128856,-1.0276254415512085,-0.9963364768128856,0.08981567621231079,3065546.332555032,-0.9749999999999992,0.05830234216911663,-0.9749999999999992,28.73569654732216
374,523,-1.0050873756408691,-0.9948237813436068,-1.0166927576065063,-0.9948237813436068,0.08623447269201279,4474598.711505351,-0.9749999999999992,0.05526136268790574,-0.9249999999999989,33.89400124897845
390,524,-1.0094037055969238,-0.9965537884953828,-1.0161577463150024,-0.9965537884953828,0.09157714992761612,4956482.674234157,-0.9749999999999992,0.05720976641036113,-0.9249999999999989,34.48173148870795
401,525,-1.009115219116211,-0.9961297914801366,-1.0151050090789795,-0.9961297914801366,0.092708557844162,4308979.912789004,-0.9749999999999992,0.05708454069067928,-0.9249999999999989,35.66232453652549
411,526,-1.0050580501556396,-0.9936763742744292,-1.0151704549789429,-0.9936763742744292,0.09057218581438063,3036779.3778383243,-0.9749999999999992,0.05205517453852914,-0.9249999999999989,35.76597859621849
421,527,-1.0035429000854492,-0.993246948248762,-1.0104143619537354,-0.993246948248762,0.08415989577770233,4043015.771514508,-0.9749999999999992,0.05115856976442184,-0.9249999999999989,35.74554470654829
431,528,-1.0020921230316162,-0.9919742713127344,-1.000932693481445,-0.9919742713127344,0.08271474391222,3990013.7856467124,-0.9749999999999992,0.04893585434970251,-0.9749999999999992,32.05662521536884
441,529,-1.0012071132659912,-0.9902542228794059,-1.0041155815124512,-0.9902542228794059,0.08355607837438582,3888244.0384164792,-0.9749999999999992,0.046917860820924785,-0.9249999999999989,37.016235154188855
325,530,-1.0044407844543457,-0.9911943049657912,-1.0122694969177246,-0.9911943049657912,0.08523683249950409,5017083.33344159,-0.9749999999999992,0.04816311780059469,-0.9249999999999989,37.51074366750275
339,531,-1.003981351852417,-0.9908610736446278,-1.0082858800888062,-0.9908610736446278,0.08677221834659576,4485257.004780445,-0.9749999999999992,0.04720012491172971,-0.9249999999999989,37.980996534170124
356,532,-0.9994360208511353,-0.9879721999168396,-1.0071648359298706,-0.9879721999168396,0.08582709729671477,0.006629304863596367,-0.9749999999999992,9.999999998493372e-11,-0.9249999999999989,39.159012484244705
373,533,-0.9973855018615724,-0.9875729380732904,-1.0017971992492676,-0.9875729380732904,0.08020038157701492,0.008277507704565115,-0.9749999999999992,9.999999998493372e-11,-0.9249999999999989,38.93837464211751
389,534,-0.9976887106895448,-0.9868862640344356,-1.0084100961685178,-0.9868862640344356,0.08362051099538803,0.009028972301576664,-0.9749999999999992,9.999999998493372e-11,-0.9249999999999989,39.44456263907251
399,535,-0.9971490502357484,-0.9862827431203872,-1.0126750469207764,-0.9862827431203872,0.08136619627475739,0.010559078359350844,-0.9749999999999992,9.999999998493372e-11,-0.9249999999999989,39.961031198820244
412,536,-0.98906809091568,-0.980365908605876,-0.9939013123512268,-0.980365908605876,0.07345890253782272,0.011308931194381953,-0.9749999999999992,9.999999998493372e-11,-0.9249999999999989,46.17704679162839
420,537,-0.9895075559616088,-0.9783334228429902,-0.991811752319336,-0.9783334228429902,0.07946586608886719,0.010779446578792365,-0.9749999999999992,9.999999998493372e-11,-0.9249999999999989,46.93780714785613
430,538,-0.9905173182487488,-0.9773352189172578,-0.9887724518775941,-0.9773352189172578,0.08466164767742157,0.012944020358870333,-0.9749999999999992,9.999999998493372e-11,-0.9249999999999989,46.352545804262924
440,539,-0.9943610429763794,-0.9787668145883578,-0.989751398563385,-0.9787668145883578,0.0889938473701477,0.01485044601815498,-0.9749999999999992,9.999999998493372e-11,-0.9249999999999989,46.62678911530088
326,540,-0.9944801330566406,-0.9789474021030378,-0.9938240051269532,-0.9789474021030378,0.08987514674663544,0.011625904867518966,-0.9749999999999992,9.999999998493372e-11,-0.9249999999999989,45.45322564522577
342,541,-0.994226574897766,-0.9776955479528846,-0.9989252090454102,-0.9776955479528846,0.09019183367490767,0.008954542486899161,-0.9749999999999992,9.999999998493372e-11,-0.9249999999999989,44.88885777342328
358,542,-0.9967877864837646,-0.9798843366005714,-1.002247929573059,-0.9798843366005714,0.09350260347127914,0.006620000259441783,-0.9749999999999992,9.999999998493372e-11,-0.9249999999999989,42.52188576713247
372,543,-0.9958118796348572,-0.9783319924578308,-1.0035017728805542,-0.9783319924578308,0.09740810096263884,0.0046570040106091,-0.9749999999999992,9.999999998493372e-11,-0.9249999999999989,39.25652219861624
388,544,-0.9929006099700928,-0.9767177650825976,-1.0046395063400269,-0.9767177650825976,0.0996602177619934,0.0033185903448172704,-0.9749999999999992,9.999999998493372e-11,-0.9249999999999989,32.84467717843848
400,545,-0.9957868456840516,-0.9778974896118776,-1.002682328224182,-0.9778974896118776,0.10229148715734482,0.0018231785289891036,-0.9749999999999992,9.999999998493372e-11,-0.9249999999999989,46.87382411055652
410,546,-0.970270574092865,-0.9674190225117664,-0.9985749125480652,-0.9674190225117664,0.09640582650899887,0.0017637050132364809,-0.9749999999999992,9.999999998493372e-11,-0.9249999999999989,25.950368648080822
422,547,-0.9646350741386414,-0.9630221741086225,-0.9916734099388124,-0.9630221741086225,0.083659827709198,0.002352214708780402,-0.9749999999999992,9.999999998493372e-11,-0.9249999999999989,25.540608364736453
432,548,-0.963304042816162,-0.963134412153078,-0.9870998859405518,-0.963134412153078,0.08262434601783752,0.0025608734649008764,-0.9749999999999992,9.999999998493372e-11,-0.9249999999999989,27.53999486171527
442,549,-0.9680595993995668,-0.9659534696262856,-0.9928552508354188,-0.9659534696262856,0.08342088013887405,0.0022363104733374543,-0.9749999999999992,9.999999998493372e-11,-0.9249999999999989,31.068155462470084
331,550,-0.9704553484916688,-0.9668082833082702,-1.0030118227005005,-0.9668082833082702,0.0814531221985817,0.002774851286219634,-0.9749999999999992,9.999999998493372e-11,-0.9249999999999989,30.933140218291335
345,551,-0.9666990041732788,-0.9636802497657708,-0.9965548515319824,-0.9636802497657708,0.08274553716182709,0.002948443816758175,-0.9749999999999992,9.999999998493372e-11,-0.9249999999999989,28.276329065621404
362,552,-0.9656282663345336,-0.9634091271167488,-0.9826678037643432,-0.9634091271167488,0.08179944008588791,0.002306203290838288,-0.9749999999999992,9.999999998493372e-11,-0.9249999999999989,29.508118797245213
380,553,-0.9616355895996094,-0.960389532713152,-0.9843345284461976,-0.960389532713152,0.08758430927991867,0.002364097129452382,-0.9749999999999992,9.999999998493372e-11,-0.9249999999999989,26.767142976829977
395,554,-0.9619341492652892,-0.9601251187319086,-0.9732598662376404,-0.9601251187319086,0.08604972064495088,0.002748304839479569,-0.9749999999999992,9.999999998493372e-11,-0.9249999999999989,26.878682765733842
405,555,-0.9615136981010436,-0.9586050287885212,-0.9708487987518309,-0.9586050287885212,0.08212626725435257,0.003284994507381102,-0.9749999999999992,9.999999998493372e-11,-0.9249999999999989,28.655331144226267
416,556,-0.9619778990745544,-0.9589638733047264,-0.9677273035049438,-0.9589638733047264,0.07682491093873978,0.0038720180230211298,-0.9749999999999992,9.999999998493372e-11,-0.9249999999999989,29.014310685074403
426,557,-0.9646935462951659,-0.9599280688566156,-0.9730253815650941,-0.9599280688566156,0.0794202983379364,0.00411752797471774,-0.9749999999999992,9.999999998493372e-11,-0.9249999999999989,30.53891944469637
436,558,-0.9649448394775392,-0.960040919353118,-0.9761807918548584,-0.960040919353118,0.08098457753658295,0.004467103356517292,-0.9749999999999992,9.999999998493372e-11,-0.9249999999999989,30.575929050686494
445,559,-0.9652981758117676,-0.9599548233607728,-0.9805017113685608,-0.9599548233607728,0.08257671445608139,0.004572153139543593,-0.9749999999999992,9.999999998493372e-11,-0.9249999999999989,31.323145318420835
328,560,-0.9632027149200441,-0.957854689389032,-0.9808435440063475,-0.957854689389032,0.07946939766407013,0.0041836493193169065,-0.9749999999999992,9.999999998493372e-11,-0.9249999999999989,32.77071315324456
348,561,-0.9652329087257384,-0.9589601151922712,-0.9771053791046144,-0.9589601151922712,0.07988804578781128,0.00551501083712153,-0.9749999999999992,9.999999998493372e-11,-0.9249999999999989,32.0297035932141
364,562,-0.9662021398544312,-0.9594716964308748,-0.98539400100708,-0.9594716964308748,0.0798233151435852,0.005668565381234493,-0.9749999999999992,9.999999998493372e-11,-0.9249999999999989,32.78542171638494
377,563,-0.9634985923767091,-0.957513578304318,-0.9802814722061156,-0.957513578304318,0.07726355642080307,0.006457568240632194,-0.9749999999999992,9.999999998493372e-11,-0.9249999999999989,33.05669916854547
394,564,-0.9628742337226868,-0.9565838197047964,-0.976617991924286,-0.9565838197047964,0.07712795585393906,0.005954380160943712,-0.9749999999999992,9.999999998493372e-11,-0.9249999999999989,33.85321098687254
404,565,-0.9605762362480164,-0.9557899612104388,-0.9861458539962769,-0.9557899612104388,0.0796569436788559,0.005369812389024117,-0.9749999999999992,9.999999998493372e-11,-0.9249999999999989,32.39005745858519
415,566,-0.959411919116974,-0.9544812083128924,-0.992570161819458,-0.9544812083128924,0.07546037435531616,0.005899012251641734,-0.9749999999999992,9.999999998493372e-11,-0.9249999999999989,33.43846524276044
424,567,-0.9592981338500975,-0.9542749485929696,-0.9658111333847046,-0.9542749485929696,0.0765315592288971,0.00634760095425717,-0.9749999999999992,9.999999998493372e-11,-0.9249999999999989,33.92310301857762
434,568,-0.959298610687256,-0.9540045318960332,-0.979473352432251,-0.9540045318960332,0.07442072033882141,0.006255428723327787,-0.9749999999999992,9.999999998493372e-11,-0.9249999999999989,34.566732202838416
444,569,-0.9518719911575316,-0.947756764041372,-1.0242912769317627,-0.947756764041372,0.071999192237854,3178895.9787201225,-0.9249999999999989,0.05876003320614011,-0.9249999999999989,32.12429628930492
327,570,-0.9548547863960266,-0.9481592312782728,-0.9701299071311952,-0.9481592312782728,0.07288745790719986,3678278.03662624,-0.9249999999999989,0.058829961840118204,-0.9249999999999989,33.850566700713415
346,571,-0.9563705325126648,-0.9478447415742528,-0.9586660265922546,-0.9478447415742528,0.07412951439619064,5849506.943925772,-0.9249999999999989,0.05868789866168919,-0.9249999999999989,33.97097127982503
361,572,-0.9559708237648009,-0.9473493895369968,-0.9588165879249572,-0.9473493895369968,0.07442506402730943,5177131.998361077,-0.9249999999999989,0.05794933908226285,-0.9249999999999989,34.28310623898329
376,573,-0.9556952118873596,-0.947357272720266,-0.9589787721633912,-0.947357272720266,0.07416847348213196,4279813.714302286,-0.9249999999999989,0.05792304690364086,-0.9249999999999989,34.43503929773484
392,574,-0.9577958583831788,-0.9485953789823748,-0.9605047702789308,-0.9485953789823748,0.07598385959863663,3112747.986988441,-0.9249999999999989,0.05959098664204666,-0.9249999999999989,34.84789883964955
403,575,-0.9579002261161804,-0.9490495634176592,-0.9601648449897766,-0.9490495634176592,0.07575763016939162,2385726.3551842985,-0.9249999999999989,0.060202804744296894,-0.9249999999999989,35.30262815108463
414,576,-0.9579941630363464,-0.9486772270252852,-0.961430549621582,-0.9486772270252852,0.07220055907964706,1750315.5176072451,-0.9249999999999989,0.059334855462255386,-0.9249999999999989,35.32075133983992
425,577,-0.959492564201355,-0.9499717794546559,-0.962568998336792,-0.9499717794546559,0.07209818810224533,1327127.5419922376,-0.9249999999999989,0.06148204609179852,-0.9249999999999989,35.11417758646379
435,578,-0.9594486951828004,-0.9495554093806496,-0.9620381593704224,-0.9495554093806496,0.07075178623199463,870363.0535048539,-0.9249999999999989,0.06098187417393261,-0.9249999999999989,34.6566340015966
443,579,-0.948948323726654,-0.9442554189303068,-0.9568720459938048,-0.9442554189303068,0.074217788875103,457044.33697495825,-0.9249999999999989,0.05740431913026601,-0.9249999999999989,30.74398588719488
352,580,-0.9411462545394896,-0.9421092117355916,-0.9519367218017578,-0.9421092117355916,0.07675614953041078,208222.72430117594,-0.9249999999999989,0.05401063612508188,-0.9249999999999989,29.65016885559293
369,581,-0.9262444972991944,-0.9305101027106036,-0.9485688209533693,-0.9305101027106036,0.07431283593177795,0.0004820908924192727,-0.9249999999999989,9.999999998493372e-11,-0.874999999999999,25.193581323527923
384,582,-0.9251627922058104,-0.9259314508273684,-0.9454675316810608,-0.9259314508273684,0.06895477324724197,0.0003678018530375019,-0.9249999999999989,9.999999998493372e-11,-0.874999999999999,27.47411194055988
398,583,-0.9249989986419678,-0.9269443607408396,-0.9326292872428894,-0.9269443607408396,0.07204127311706543,0.001032023478555001,-0.9249999999999989,9.999999998493372e-11,-0.874999999999999,21.550866420551333
407,584,-0.923470675945282,-0.9277324029620302,-0.9181587696075441,-0.9277324029620302,0.0737934485077858,0.001208428947343077,-0.9249999999999989,9.999999998493372e-11,-0.874999999999999,24.086322250761746
419,585,-0.9296249747276306,-0.9305865303092616,-0.9075865745544434,-0.9305865303092616,0.07381434738636017,0.0016114618117052714,-0.9249999999999989,9.999999998493372e-11,-0.874999999999999,28.652925223405347
428,586,-0.9353614449501038,-0.9326623909497616,-0.9259770512580872,-0.9326623909497616,0.07164646685123444,0.001975453690030812,-0.9249999999999989,9.999999998493372e-11,-0.874999999999999,30.11223415139422
438,587,-0.9346076250076294,-0.9331031282030255,-0.9426526427268982,-0.9331031282030255,0.06294805556535721,0.0020621287598230147,-0.9249999999999989,9.999999998493372e-11,-0.874999999999999,31.51863677214521
447,588,-0.9377210140228271,-0.9344668151719808,-0.9539667963981628,-0.9344668151719808,0.06902599334716797,1051935.3104985186,-0.9249999999999989,0.04447154638677527,-0.874999999999999,28.652217211114255
449,589,-0.9397830963134766,-0.9358974831334096,-0.9756538867950441,-0.9358974831334096,0.07271488755941391,1130606.3095990827,-0.9249999999999989,0.04528351863888845,-0.874999999999999,29.821263320607265
375,590,-0.9405206441879272,-0.9360272996823124,-0.9934741854667664,-0.9360272996823124,0.07109954208135605,1039362.479341102,-0.9249999999999989,0.04580128622500489,-0.874999999999999,32.128912834165014
391,591,-0.9400607347488404,-0.9357702844565272,-0.9931864738464355,-0.9357702844565272,0.07048161327838898,1062959.3125006193,-0.9249999999999989,0.04525777155763002,-0.874999999999999,32.19432673778117
402,592,-0.940856158733368,-0.936557281119787,-0.9928460717201232,-0.936557281119787,0.07102242857217789,1096483.971954398,-0.9249999999999989,0.04667241998505366,-0.874999999999999,31.4846891773109
413,593,-0.9405707120895386,-0.9362695054538784,-0.9950910806655884,-0.9362695054538784,0.06989727914333344,1059381.4170884213,-0.9249999999999989,0.04627377270117278,-0.874999999999999,32.07594004050234
423,594,-0.9414405822753906,-0.9369766480818504,-0.9958409070968628,-0.9369766480818504,0.06994350254535675,1050578.073511478,-0.9249999999999989,0.04587182685691619,-0.874999999999999,32.01397566644007
433,595,-0.9416241645812988,-0.9370417685415066,-0.9973561763763428,-0.9370417685415066,0.07192764431238174,0.0024307009999943716,-0.9249999999999989,9.999999998493372e-11,-0.874999999999999,32.39954068059172
446,596,-0.94184011220932,-0.9376116550171092,-0.9984647631645204,-0.9376116550171092,0.071745365858078,1102133.2930398665,-0.9249999999999989,0.045601683254370806,-0.874999999999999,33.06927005049926
448,597,-0.9399642944335938,-0.9369328551510946,-0.9954209923744202,-0.9369328551510946,0.07047157734632492,1141784.0783941078,-0.9249999999999989,0.0451680750942337,-0.874999999999999,35.09560087336502
450,598,-0.9408023953437804,-0.9370017370265922,-0.987615704536438,-0.9370017370265922,0.06864900887012483,1183672.3795920261,-0.9249999999999989,0.045279032647731254,-0.874999999999999,34.54528865865306
451,599,-0.9410125017166138,-0.9367894472225762,-0.984613299369812,-0.9367894472225762,0.06838107854127884,1221921.579027695,-0.9249999999999989,0.04481773048221227,-0.874999999999999,33.48695632688319
383,600,-0.9409781694412231,-0.9362753676704708,-0.9846203327178956,-0.9362753676704708,0.06858456879854202,1242750.3306405598,-0.9249999999999989,0.044513580979894864,-0.874999999999999,34.378659606292906
